Date,Close,High,Low,Open,Volume,Ticker,Close,High,Low,Open,Volume,Close,High,Low,Open,Volume
,AAPL,AAPL,AAPL,AAPL,AAPL,,TSLA,TSLA,TSLA,TSLA,TSLA,MSFT,MSFT,MSFT,MSFT,MSFT
2024-01-02,183.7313232421875,186.50253778362813,181.99931604152513,185.22579259007347,82488700.0,AAPL,,,,,,,,,,
2024-01-03,182.3555908203125,183.96883642924203,181.5440145919006,182.32590048043423,58414500.0,AAPL,,,,,,,,,,
2024-01-04,180.0396728515625,181.2075332827541,179.02026413555495,180.277195595857,71983600.0,AAPL,,,,,,,,,,
2024-01-05,179.31715393066406,180.88091065327836,178.31754388665928,180.1188384374096,62379700.0,AAPL,,,,,,,,,,
2024-01-08,183.65211486816406,183.69171205497358,179.63386121540748,180.21779135468154,59144500.0,AAPL,,,,,,,,,,
2024-01-09,183.23643493652344,183.24632668227045,180.8512103460259,182.0289774717032,42841800.0,AAPL,,,,,,,,,,
2024-01-10,184.275634765625,184.48346713133998,182.02897021466416,182.45455689524942,46792900.0,AAPL,,,,,,,,,,
2024-01-11,183.6818084716797,185.12680377786887,181.73206228896322,184.6220377994394,49128400.0,AAPL,,,,,,,,,,
2024-01-12,184.00843811035156,184.82001442518902,183.28594792653803,184.14699807850627,40477800.0,AAPL,,,,,,,,,,
2024-01-16,181.74197387695312,182.36548612847807,179.0697224204938,180.28708678689063,65603000.0,AAPL,,,,,,,,,,
2024-01-17,180.80172729492188,181.04915686376333,178.44620806884475,179.40623600410183,47317400.0,AAPL,,,,,,,,,,
2024-01-18,186.69058227539062,187.1953332109462,183.9193677995691,184.17668914088887,78005800.0,AAPL,,,,,,,,,,
2024-01-19,189.59043884277344,189.97642838325277,186.8786203129096,187.38337121910467,68903000.0,AAPL,,,,,,,,,,
2024-01-22,191.89646911621094,193.3216657993532,190.28322355100102,190.32282073770045,60133900.0,AAPL,,,,,,,,,,
2024-01-23,193.17320251464844,193.7373491711095,191.83709192633378,193.01485907067706,42355600.0,AAPL,,,,,,,,,,
2024-01-24,192.50022888183594,194.36090430723632,192.34187031331157,193.4107679979945,53631300.0,AAPL,,,,,,,,,,
2024-01-25,192.17361450195312,194.2520291241628,191.1245154438125,193.21282181305796,54822100.0,AAPL,,,,,,,,,,
2024-01-26,190.4416046142578,192.75754194727924,189.9665440310004,192.2725896171282,44594000.0,AAPL,,,,,,,,,,
2024-01-29,189.75868225097656,190.22385105233468,187.63079398239137,190.03580216218106,47145600.0,AAPL,,,,,,,,,,
2024-01-30,186.10662841796875,189.82797900977772,185.54249682198056,188.97682064057707,55859400.0,AAPL,,,,,,,,,,
2024-01-31,182.50405883789062,185.17631048108575,182.45458500160478,185.11691469411622,55467800.0,AAPL,,,,,,,,,,
2024-02-01,184.93878173828125,185.0278527702626,181.93004443231115,182.09829474891072,64885400.0,AAPL,,,,,,,,,,
2024-02-02,183.93914794921875,185.40392677166545,177.4070012757119,178.01073002917815,102551700.0,AAPL,,,,,,,,,,
2024-02-05,185.75035095214844,187.30421616342255,183.92927263345797,186.2155198305614,69668800.0,AAPL,,,,,,,,,,
2024-02-06,187.3536834716797,187.36357521832525,184.8496972971495,184.93876832266957,43490800.0,AAPL,,,,,,,,,,
2024-02-07,187.46255493164062,189.0856924097343,186.67077723703076,188.67990426473503,53439000.0,AAPL,,,,,,,,,,
2024-02-08,186.38377380371094,187.59121634154823,185.42374576060666,187.44276462432762,40962000.0,AAPL,,,,,,,,,,
2024-02-09,187.14682006835938,188.27653811843788,186.30447993507684,186.9486117161699,45155200.0,AAPL,,,,,,,,,,
2024-02-12,185.46214294433594,186.9684387436886,185.10538907399385,186.72069342042812,41781900.0,AAPL,,,,,,,,,,
2024-02-13,183.37115478515625,184.53061609699293,181.85495475727518,184.0945819491523,56529500.0,AAPL,,,,,,,,,,
2024-02-14,182.4891815185547,183.85674041023526,180.79461213824646,183.64864282656313,54630500.0,AAPL,,,,,,,,,,
2024-02-15,182.20181274414062,182.82613576875198,179.71445525689393,181.8946109768474,65434500.0,AAPL,,,,,,,,,,
2024-02-16,180.66580200195312,183.18290302222294,180.03157456209792,181.76579187183052,49752500.0,AAPL,,,,,,,,,,
2024-02-20,179.92254638671875,180.78469520216953,178.3766181157698,180.15046783149373,53665600.0,AAPL,,,,,,,,,,
2024-02-21,180.67572021484375,181.24057170015067,179.03068760645021,180.29914247718926,41371400.0,AAPL,,,,,,,,,,
2024-02-22,182.70721435546875,183.29190480468338,180.81445159653885,181.82524161821627,52292200.0,AAPL,,,,,,,,,,
2024-02-23,180.87391662597656,183.37117869088894,180.58652357235425,183.3414504606763,45119700.0,AAPL,,,,,,,,,,
2024-02-26,179.5261688232422,181.11172976770854,179.02075870271764,180.59643039937333,40867400.0,AAPL,,,,,,,,,,
2024-02-27,180.98289489746094,182.2612539462515,177.94057546451762,179.4666949255866,54318900.0,AAPL,,,,,,,,,,
2024-02-28,179.7838134765625,181.46847854843006,178.50545433930714,180.8639793914523,48953900.0,AAPL,,,,,,,,,,
2024-02-29,179.11985778808594,180.92345088953732,177.9108594746495,179.63517226295397,136682600.0,AAPL,,,,,,,,,,
2024-03-01,178.03968811035156,178.90183692569335,175.78025215753124,177.93067957222544,73563100.0,AAPL,,,,,,,,,,
2024-03-04,173.52081298828125,175.30456703921072,172.22261492332544,174.56133114426578,81510100.0,AAPL,,,,,,,,,,
2024-03-05,168.5857391357422,170.48842147609815,168.09024847040442,169.21996658252752,95132400.0,AAPL,,,,,,,,,,
2024-03-06,167.59475708007812,169.69564777442116,167.1587228770791,169.5172632726602,68587700.0,AAPL,,,,,,,,,,
2024-03-07,167.475830078125,169.1902233947002,166.97043508778398,167.62447121611535,71765100.0,AAPL,,,,,,,,,,
2024-03-08,169.19021606445312,172.13343143853632,167.41636636953461,167.4758228221548,76267000.0,AAPL,,,,,,,,,,
2024-03-11,171.19203186035156,172.80733633404748,170.49834792480524,171.3803207402518,60139500.0,AAPL,,,,,,,,,,
2024-03-12,171.66766357421875,172.46045153320196,169.4676841705973,171.58838326620315,59825400.0,AAPL,,,,,,,,,,
2024-03-13,169.5866241455078,171.62804307697533,169.21995080494636,171.21183277143888,52488700.0,AAPL,,,,,,,,,,
2024-03-14,171.43975830078125,172.73794133442243,170.49832912625453,171.35057361629615,72913500.0,AAPL,,,,,,,,,,
2024-03-15,171.0631866455078,171.0631866455078,168.75419840900892,169.6262667891251,121752700.0,AAPL,,,,,,,,,,
2024-03-18,172.1532440185547,176.10726419166866,171.9550508157469,173.98656516716395,75604200.0,AAPL,,,,,,,,,,
2024-03-19,174.4919891357422,175.0172080151,171.46949314620932,172.76767622994936,55215200.0,AAPL,,,,,,,,,,
2024-03-20,177.05860900878906,177.05860900878906,173.51089450186836,174.1352174960067,53423100.0,AAPL,,,,,,,,,,
2024-03-21,169.82444763183594,175.8892630091755,169.29922879245808,175.45322885093574,106181300.0,AAPL,,,,,,,,,,
2024-03-22,170.72622680664062,171.48928650593083,168.52624750200687,170.21091238831212,71160100.0,AAPL,,,,,,,,,,
2024-03-25,169.30914306640625,170.3893089389317,167.92176032191367,169.03166954174233,54288300.0,AAPL,,,,,,,,,,
2024-03-26,168.17942810058594,169.87399750483326,168.0505957042821,168.4668059986792,57388400.0,AAPL,,,,,,,,,,
2024-03-27,171.7469482421875,172.0343412561863,168.575811446925,168.87310882923745,60273300.0,AAPL,,,,,,,,,,
2024-03-28,169.93344116210938,170.67667701496117,168.97218824939392,170.2010103030642,65672700.0,AAPL,,,,,,,,,,
2024-04-01,168.4965362548828,169.70553455748254,167.9514935576168,169.6460781034487,46240500.0,AAPL,,,,,,,,,,
2024-04-02,167.3172607421875,167.81275133793278,166.71276161053132,167.55510167176752,49329500.0,AAPL,,,,,,,,,,
2024-04-03,168.1199493408203,169.14065873561202,167.05960735256843,167.26770493028647,47691700.0,AAPL,,,,,,,,,,
2024-04-04,167.2974853515625,170.3695185848013,167.2974853515625,168.75421408193165,53704400.0,AAPL,,,,,,,,,,
2024-04-05,168.0506134033203,168.85330584999502,167.4262903353845,168.06051777285862,42104800.0,AAPL,,,,,,,,,,
2024-04-08,166.9307861328125,167.67402205960258,166.72268854116854,167.50555706407098,37425500.0,AAPL,,,,,,,,,,
2024-04-09,168.13978576660156,168.5460917055098,166.83169838821917,167.17853275073267,42373800.0,AAPL,,,,,,,,,,
2024-04-10,166.266845703125,167.56502882108228,165.60289002910008,167.27765088979615,49709300.0,AAPL,,,,,,,,,,
2024-04-11,173.4613494873047,173.87757491447604,166.64340884278624,166.8217782077108,91070300.0,AAPL,,,,,,,,,,
2024-04-12,174.95773315429688,176.75140669942581,172.63884078505302,172.68837774790788,101670900.0,AAPL,,,,,,,,,,
2024-04-15,171.13253784179688,175.03700600653332,170.94424900321735,173.7784557074799,73531800.0,AAPL,,,,,,,,,,
2024-04-16,167.8524169921875,172.1929047923956,166.75242714722782,170.20103782824683,73711200.0,AAPL,,,,,,,,,,
2024-04-17,166.48484802246094,169.11094225529814,166.48484802246094,168.08032842085646,50901200.0,AAPL,,,,,,,,,,
2024-04-18,165.5334930419922,167.11906901091456,165.0479219314042,166.51456987389489,43122900.0,AAPL,,,,,,,,,,
2024-04-19,163.51190185546875,164.89926951971245,162.6002009445124,164.7109957890585,68149400.0,AAPL,,,,,,,,,,
2024-04-22,164.3443145751953,165.75150603037284,163.28397258003716,164.0272084619306,48116400.0,AAPL,,,,,,,,,,
2024-04-23,165.39476013183594,165.54341638804536,163.43262154349364,163.85875133255257,49537800.0,AAPL,,,,,,,,,,
2024-04-24,167.4956512451172,167.77312477902248,164.71099641624178,165.03800691456527,48251800.0,AAPL,,,,,,,,,,
2024-04-25,168.35780334472656,169.07131105182287,166.63349053238153,168.0010494911784,50558300.0,AAPL,,,,,,,,,,
2024-04-26,167.7731170654297,169.79471202253325,167.6541890412428,168.3478879652858,44838400.0,AAPL,,,,,,,,,,
2024-04-29,171.9352569580078,174.44243845784558,171.5388704832316,171.8064245491769,68169400.0,AAPL,,,,,,,,,,
2024-04-30,168.79385375976562,173.41183044153803,168.46682810243752,171.76679778510277,65934800.0,AAPL,,,,,,,,,,
2024-05-01,167.7731170654297,171.15236652369296,167.58482822154218,168.05059058657778,50383100.0,AAPL,,,,,,,,,,
2024-05-02,171.46949768066406,171.85597979307556,169.34879824722077,170.95418315705703,94214900.0,AAPL,,,,,,,,,,
2024-05-03,181.7261199951172,185.31346675883958,181.01261238934663,184.96661732338913,163224100.0,AAPL,,,,,,,,,,
2024-05-06,180.0712127685547,182.53874644704828,178.79283846563771,180.70544017490002,78569700.0,AAPL,,,,,,,,,,
2024-05-07,180.75497436523438,183.23242749590466,179.68472791941784,181.79550770435065,77305800.0,AAPL,,,,,,,,,,
2024-05-08,181.0919189453125,181.4189445721307,179.81354466582562,181.20092748758523,45057100.0,AAPL,,,,,,,,,,
2024-05-09,182.9053955078125,182.99458018096053,180.46757526022824,180.9135137471405,48983000.0,AAPL,,,,,,,,,,
2024-05-10,181.6451416015625,183.669478466616,180.73220418072017,183.48093424482693,50759500.0,AAPL,,,,,,,,,,
2024-05-13,184.85037231445312,185.6640864017181,183.20310853414878,184.01682262141375,72044800.0,AAPL,,,,,,,,,,
2024-05-14,185.9915313720703,186.8548647149755,184.8602810891409,186.07091921634225,52393600.0,AAPL,,,,,,,,,,
2024-05-15,188.26394653320312,189.18680174226395,185.93197615275656,186.46784026394417,70400000.0,AAPL,,,,,,,,,,
2024-05-16,188.383056640625,189.6333963773736,188.20444533062346,189.0082265089993,52845200.0,AAPL,,,,,,,,,,
2024-05-17,188.41281127929688,189.34559954047234,187.72810435814964,188.0555735439889,41282900.0,AAPL,,,,,,,,,,
2024-05-20,189.57382202148438,190.44707314635468,187.5594028379898,187.87695420764547,44361300.0,AAPL,,,,,,,,,,
2024-05-21,190.873779296875,191.25085261805762,189.4547462309282,189.62343971650407,42309400.0,AAPL,,,,,,,,,,
2024-05-22,189.43490600585938,191.3401840301744,188.8097513226368,190.79440205142186,34648500.0,AAPL,,,,,,,,,,
2024-05-23,185.44577026367188,189.5341459487459,185.19768892080702,189.51429520164533,51005900.0,AAPL,,,,,,,,,,
2024-05-24,188.52195739746094,189.11735863774422,186.59684388111853,187.37087155015982,36327000.0,AAPL,,,,,,,,,,
2024-05-28,188.53192138671875,191.51881559867596,187.6487523245995,190.04024519822877,52280100.0,AAPL,,,,,,,,,,
2024-05-29,188.82957458496094,190.7745388343773,188.05556206266323,188.15480064928906,53068000.0,AAPL,,,,,,,,,,
2024-05-30,189.82191467285156,190.70508365256933,189.16699143181853,189.29598343446253,49889100.0,AAPL,,,,,,,,,,
2024-05-31,190.77455139160156,191.09210277636024,188.45251367186646,189.9707702687458,75158300.0,AAPL,,,,,,,,,,
2024-06-03,192.54087829589844,193.49351725389894,191.04247253185534,191.41954585254337,50080500.0,AAPL,,,,,,,,,,
2024-06-04,192.85845947265625,193.82101638151354,191.54858259564776,193.14622719411028,47471400.0,AAPL,,,,,,,,,,
2024-06-05,194.3667755126953,195.38886948576234,193.37445009094603,193.9003813531384,54156800.0,AAPL,,,,,,,,,,
2024-06-06,192.98741149902344,194.99191275531385,192.67979309240934,194.1881317208236,41181800.0,AAPL,,,,,,,,,,
2024-06-07,195.37893676757812,195.42855606321456,192.65004206608782,193.1561225415401,53103900.0,AAPL,,,,,,,,,,
2024-06-10,191.6378631591797,195.7857909182053,190.6753063763642,195.3888517006261,97010200.0,AAPL,,,,,,,,,,
2024-06-11,205.56019592285156,205.57012886730556,192.14396771907968,192.1638033246204,172373300.0,AAPL,,,,,,,,,,
2024-06-12,211.43478393554688,218.5100538646653,205.3121227860245,205.7785169434978,198134300.0,AAPL,,,,,,,,,,
2024-06-13,212.59580993652344,215.08654136592511,209.9760713532356,213.09197266170435,97862700.0,AAPL,,,,,,,,,,
2024-06-14,210.85922241210938,213.5186471242216,209.67835280423736,212.20878551515116,70122700.0,AAPL,,,,,,,,,,
2024-06-17,215.00714111328125,217.26964179829142,211.08745883873982,211.7324642876032,93728300.0,AAPL,,,,,,,,,,
2024-06-18,212.6453857421875,216.95208913019513,211.36529274424583,215.9200623200828,79943300.0,AAPL,,,,,,,,,,
2024-06-20,208.07078552246094,212.59580212894483,207.2471687535905,212.28816853161533,86172500.0,AAPL,,,,,,,,,,
2024-06-21,205.8975830078125,210.26380829361358,205.52049454653314,208.77532033595196,241805100.0,AAPL,,,,,,,,,,
2024-06-24,206.5426025390625,211.06760381745957,205.00449518251241,206.12582769938734,80727000.0,AAPL,,,,,,,,,,
2024-06-25,207.4654541015625,209.75772308170346,207.0089778092255,207.54482679949032,55549700.0,AAPL,,,,,,,,,,
2024-06-26,211.61338806152344,213.2110325348534,209.0234182045521,209.87681864015101,66213200.0,AAPL,,,,,,,,,,
2024-06-27,212.4568634033203,214.0842763709762,210.7202940415425,213.04233172557286,49772700.0,AAPL,,,,,,,,,,
2024-06-28,209.00355529785156,214.41174043740799,208.68601906723538,214.1140398112984,82542700.0,AAPL,,,,,,,,,,
2024-07-01,215.08651733398438,215.84067914098924,210.29358412725625,210.46227761796723,60402900.0,AAPL,,,,,,,,,,
2024-07-02,218.5795135498047,218.6886699462021,213.44919320249295,214.4911227279333,58046200.0,AAPL,,,,,,,,,,
2024-07-03,219.84967041015625,219.84967041015625,217.34900644671097,218.3115631866412,37369800.0,AAPL,,,,,,,,,,
2024-07-05,224.60292053222656,224.71207692855523,219.94891212590596,219.94891212590596,60412400.0,AAPL,,,,,,,,,,
2024-07-08,226.07156372070312,226.1013322692385,221.53662969916704,225.34715532852172,59085900.0,AAPL,,,,,,,,,,
2024-07-09,226.92495727539062,227.63943274976205,224.63268810415036,226.180713251394,48076100.0,AAPL,,,,,,,,,,
2024-07-10,231.1919708251953,231.2912094233167,227.49060126886744,227.54022056792812,62627700.0,AAPL,,,,,,,,,,
2024-07-11,225.823486328125,230.60648662367137,224.03729767642758,229.61416127735984,64710600.0,AAPL,,,,,,,,,,
2024-07-12,228.77066040039062,230.8545495178413,226.92493479803437,227.16309831312876,53046500.0,AAPL,,,,,,,,,,
2024-07-15,232.60105895996094,235.409341553401,231.30111515749465,234.66509753137677,62631300.0,AAPL,,,,,,,,,,
2024-07-16,233.01785278320312,234.4567215545301,230.54695713829173,233.19646408342908,43234300.0,AAPL,,,,,,,,,,
2024-07-17,227.12342834472656,229.6836295353235,224.9006141352506,227.68904591405493,57345900.0,AAPL,,,,,,,,,,
2024-07-18,222.45948791503906,228.67145424701283,220.56415801938329,228.51267855827928,66034600.0,AAPL,,,,,,,,,,
2024-07-19,222.58848571777344,225.05938116686082,221.5663918696606,223.09458131167176,49151500.0,AAPL,,,,,,,,,,
2024-07-22,222.24119567871094,226.03187070395737,221.3778623137636,225.26777593230437,48201800.0,AAPL,,,,,,,,,,
2024-07-23,223.2831268310547,225.19832267550643,220.97100689389265,222.64803919770813,39960300.0,AAPL,,,,,,,,,,
2024-07-24,216.86276245117188,223.07472846403482,215.4635952984219,222.2808652028311,61777600.0,AAPL,,,,,,,,,,
2024-07-25,215.82086181640625,219.15507584516317,212.97287755450526,217.24979770728694,51391200.0,AAPL,,,,,,,,,,
2024-07-26,216.2872314453125,217.80548795978973,214.35218497553956,217.02154248476683,41601300.0,AAPL,,,,,,,,,,
2024-07-29,216.56509399414062,217.61695646267233,214.0941983741811,215.29491873308154,36311800.0,AAPL,,,,,,,,,,
2024-07-30,217.1208038330078,218.63906050664175,214.4613638470993,217.50781013919521,41643800.0,AAPL,,,,,,,,,,
2024-07-31,220.37559509277344,222.1022464925354,218.93672649714605,219.74050753338085,50036300.0,AAPL,,,,,,,,,,
2024-08-01,216.68417358398438,222.7572001483694,215.35446119036925,222.64804374939,62501000.0,AAPL,,,,,,,,,,
2024-08-02,218.1726531982422,223.86860618805187,216.0391597412521,217.46809553371503,105568600.0,AAPL,,,,,,,,,,
2024-08-05,207.6639404296875,211.8614726265992,194.4957781490091,197.562059997048,119548600.0,AAPL,,,,,,,,,,
2024-08-06,205.63958740234375,208.37841518370308,199.52687447574846,203.72440665766518,69660500.0,AAPL,,,,,,,,,,
2024-08-07,208.20970153808594,212.00037630720823,204.80601788828693,205.31209833985366,63516400.0,AAPL,,,,,,,,,,
2024-08-08,211.6729278564453,212.55609685346144,207.22731432081122,211.4744658055274,47161100.0,AAPL,,,,,,,,,,
2024-08-09,214.5804443359375,215.11629337558463,210.3432107490655,210.47221789303094,42201600.0,AAPL,,,,,,,,,,
2024-08-12,216.1103973388672,218.07747160820446,214.1929998012183,214.65993379251097,38028100.0,AAPL,,,,,,,,,,
2024-08-13,219.82598876953125,220.44193777769505,217.58072790378117,217.58072790378117,44155300.0,AAPL,,,,,,,,,,
2024-08-14,220.27305603027344,221.57450454206742,218.2662343099079,219.13056699635618,41960600.0,AAPL,,,,,,,,,,
2024-08-15,223.25347900390625,223.8793724762866,221.30626328939533,223.13426697458056,46414000.0,AAPL,,,,,,,,,,
2024-08-16,224.57479858398438,225.34970708383625,222.19045191126241,222.45869413327577,44340200.0,AAPL,,,,,,,,,,
2024-08-19,224.41583251953125,224.51518597934856,221.58442566604344,224.2469437652095,40687800.0,AAPL,,,,,,,,,,
2024-08-20,225.0317840576172,225.68748051768907,223.97870407222223,224.29662301984854,30299000.0,AAPL,,,,,,,,,,
2024-08-21,224.92250061035156,226.4921913011218,223.58131984717622,225.04172779494317,34765500.0,AAPL,,,,,,,,,,
2024-08-22,223.06471252441406,226.84984597984075,222.43881906323927,226.30343225653021,43695300.0,AAPL,,,,,,,,,,
2024-08-23,225.35963439941406,226.73063334528243,222.866020162344,224.187342377279,38677300.0,AAPL,,,,,,,,,,
2024-08-26,225.69740295410156,225.79675641202357,222.4288803537143,225.28014571740593,30602200.0,AAPL,,,,,,,,,,
2024-08-27,226.54185485839844,227.356510742363,223.42234738221904,224.52510403050715,35934600.0,AAPL,,,,,,,,,,
2024-08-28,225.0119171142578,228.35991942602843,224.20719049274723,226.43257756563742,38052200.0,AAPL,,,,,,,,,,
2024-08-29,228.29037475585938,231.39995310375193,227.3863249726349,228.59836441740794,51906300.0,AAPL,,,,,,,,,,
2024-08-30,227.5055389404297,228.89639643358683,225.99545426270925,228.68777538921813,52990800.0,AAPL,,,,,,,,,,
2024-09-03,221.31617736816406,227.50551530861938,219.72661311891838,227.0584551007716,50190600.0,AAPL,,,,,,,,,,
2024-09-04,219.40872192382812,220.33264539565292,216.06070449558098,220.2134333758585,43840200.0,AAPL,,,,,,,,,,
2024-09-05,220.92874145507812,224.00850159902006,220.07435325324454,220.1836359939166,36615400.0,AAPL,,,,,,,,,,
2024-09-06,219.37890625,223.77005891628232,218.3357556594125,222.48846914066658,48423000.0,AAPL,,,,,,,,,,
2024-09-09,219.46835327148438,219.82600453136772,215.29576534565257,219.37894424631622,67180000.0,AAPL,,,,,,,,,,
2024-09-10,218.67355346679688,220.03460793809228,215.31560663834654,217.49131703149231,51591000.0,AAPL,,,,,,,,,,
2024-09-11,221.2069091796875,221.63409569372266,216.46803428284608,220.01474349397893,44587100.0,AAPL,,,,,,,,,,
2024-09-12,221.31617736816406,222.09108577088907,218.385432495375,221.0479351797721,37455600.0,AAPL,,,,,,,,,,
2024-09-13,221.04795837402344,222.57790161811045,220.46181236980377,222.12091208096655,36766600.0,AAPL,,,,,,,,,,
2024-09-16,214.90829467773438,215.80241517960704,212.52394807405793,215.126845002842,59357400.0,AAPL,,,,,,,,,,
2024-09-17,215.3751983642578,215.48448109873988,213.10014982176025,214.3419921866889,45519300.0,AAPL,,,,,,,,,,
2024-09-18,219.24977111816406,221.25659276615585,216.12031904206836,216.13026348358338,59894900.0,AAPL,,,,,,,,,,
2024-09-19,227.37635803222656,228.32017032885514,223.16403855762368,223.52168975444923,66781300.0,AAPL,,,,,,,,,,
2024-09-20,226.71075439453125,231.56884144729943,226.1345376792504,228.46920754640476,318679900.0,AAPL,,,,,,,,,,
2024-09-23,224.99205017089844,227.95259834339626,224.33635371548323,225.8563676699032,54146000.0,AAPL,,,,,,,,,,
2024-09-24,225.8861846923828,227.8532741806864,224.2568878942957,227.15783023434298,43556100.0,AAPL,,,,,,,,,,
2024-09-25,224.89268493652344,225.80667911779153,222.5580303354434,223.46208007568333,42308700.0,AAPL,,,,,,,,,,
2024-09-26,226.0352020263672,227.00880227293717,223.9389713421174,225.81663654010723,36636700.0,AAPL,,,,,,,,,,
2024-09-27,226.3034210205078,228.02214184296878,225.8166284941723,226.9690618971705,34026000.0,AAPL,,,,,,,,,,
2024-09-30,231.47943115234375,231.47943115234375,228.1512873446241,228.5387415800987,54541900.0,AAPL,,,,,,,,,,
2024-10-01,224.73374938964844,228.15128705136544,222.2798675150603,228.02214574584622,63285000.0,AAPL,,,,,,,,,,
2024-10-02,225.30001831054688,225.8861642954019,221.56456176324298,224.41582711263038,32880600.0,AAPL,,,,,,,,,,
2024-10-03,224.19725036621094,225.3298099915582,221.86259582618194,223.6707104185886,34044200.0,AAPL,,,,,,,,,,
2024-10-04,225.3199005126953,226.5120662505933,222.66732681912907,226.41271278943105,37245100.0,AAPL,,,,,,,,,,
2024-10-07,220.24325561523438,224.2171516536621,219.8856043654075,223.0349151567562,39505400.0,AAPL,,,,,,,,,,
2024-10-08,224.29661560058594,224.5052366387564,221.79305702807565,222.83620769655573,31855700.0,AAPL,,,,,,,,,,
2024-10-09,228.04200744628906,228.25064364916537,223.36275355639287,223.7601370790405,33591100.0,AAPL,,,,,,,,,,
2024-10-10,227.5452880859375,228.0022928156644,225.6874964769055,226.2935162493635,28183500.0,AAPL,,,,,,,,,,
2024-10-11,226.06500244140625,227.91286461183438,225.85636623992795,227.80358186995707,31759200.0,AAPL,,,,,,,,,,
2024-10-14,229.79051208496094,230.21769857807328,227.10813563369229,227.20747392643057,39882100.0,AAPL,,,,,,,,,,
2024-10-15,232.32388305664062,235.9401275315396,230.853530735341,232.08544385770335,64751400.0,AAPL,,,,,,,,,,
2024-10-16,230.2673797607422,230.60515724916505,228.34003796565733,230.0885617348273,34082200.0,AAPL,,,,,,,,,,
2024-10-17,230.63497924804688,232.3238971476739,229.0156269629083,231.9066247344228,32993800.0,AAPL,,,,,,,,,,
2024-10-18,233.4663848876953,234.63867690560429,232.4828401919167,234.63867690560429,46431500.0,AAPL,,,,,,,,,,
2024-10-21,234.93670654296875,235.3043021987925,232.91995571367772,232.91995571367772,36254500.0,AAPL,,,,,,,,,,
2024-10-22,234.32077026367188,234.67842149785605,231.0820505913223,232.36362533760988,38846600.0,AAPL,,,,,,,,,,
2024-10-23,229.25404357910156,233.60546433739609,226.27362172475395,232.55238437433343,52287000.0,AAPL,,,,,,,,,,
2024-10-24,229.0653076171875,229.3136761173618,226.91940013747097,228.47914643577636,31109500.0,AAPL,,,,,,,,,,
2024-10-25,229.8998260498047,231.69801159617745,228.07183749564092,228.24072625952675,38802300.0,AAPL,,,,,,,,,,
2024-10-28,231.8768310546875,233.1981533252385,231.03238723011694,231.79736647290133,36087100.0,AAPL,,,,,,,,,,
2024-10-29,232.1450653076172,232.80076177889833,230.80388451731673,231.5787930163908,35417200.0,AAPL,,,,,,,,,,
2024-10-30,228.59835815429688,231.94636045913163,228.05194445904854,231.09197226998216,47070900.0,AAPL,,,,,,,,,,
2024-10-31,224.43569946289062,228.330115454563,223.89921505082026,227.84330777090054,64370100.0,AAPL,,,,,,,,,,
2024-11-01,221.45526123046875,223.8793398684274,218.83249085283651,219.5279195212981,65276700.0,AAPL,,,,,,,,,,
2024-11-04,220.56112670898438,221.33603510883145,218.27614895309117,219.54779428408165,44944500.0,AAPL,,,,,,,,,,
2024-11-05,221.9917449951172,222.4884819564664,219.6968226591573,220.35251908634842,28111300.0,AAPL,,,,,,,,,,
2024-11-06,221.2665252685547,224.5946691536601,219.74651129717958,221.15724252476647,54561100.0,AAPL,,,,,,,,,,
2024-11-07,225.99545288085938,226.39285156162418,223.10445516924474,223.16406118155706,42137700.0,AAPL,,,,,,,,,,
2024-11-08,225.7269287109375,227.4176895436531,225.17991383614745,225.9357792784742,38328800.0,AAPL,,,,,,,,,,
2024-11-11,223.01173400878906,224.4737485807484,220.29657059338746,223.77755477883602,42005600.0,AAPL,,,,,,,,,,
2024-11-12,223.01173400878906,224.36434561359883,222.14646565326132,223.3300027044557,40398300.0,AAPL,,,,,,,,,,
2024-11-13,223.8968963623047,225.41858250992726,221.5497178640296,222.79292649286415,48566200.0,AAPL,,,,,,,,,,
2024-11-14,226.98008728027344,227.62654977508777,223.77758025105393,223.79747584076947,44923900.0,AAPL,,,,,,,,,,
2024-11-15,223.77757263183594,225.68713943052106,223.0515429787679,225.16996034674554,47923700.0,AAPL,,,,,,,,,,
2024-11-18,226.78115844726562,228.49181480220403,223.94663659117114,224.02620376766677,44633700.0,AAPL,,,,,,,,,,
2024-11-19,227.03973388671875,228.90952454109907,225.42854034251505,225.7467938634959,36211800.0,AAPL,,,,,,,,,,
2024-11-20,227.75582885742188,228.68076882556113,224.66272507245372,226.82093350733243,35169600.0,AAPL,,,,,,,,,,
2024-11-21,227.27845764160156,228.90954693288327,224.48372676835862,227.63650237265796,42108300.0,AAPL,,,,,,,,,,
2024-11-22,228.62110900878906,229.46649702017746,226.82094518602503,226.82094518602503,38168300.0,AAPL,,,,,,,,,,
2024-11-25,231.6048126220703,231.98275293866183,228.49182822914253,230.20248468460477,90152800.0,AAPL,,,,,,,,,,
2024-11-26,233.7829132080078,234.29015208323423,232.06231657216094,232.06231657216094,45986200.0,AAPL,,,,,,,,,,
2024-11-27,233.6536102294922,234.40949083683986,232.53970008294309,233.19611792325418,33498400.0,AAPL,,,,,,,,,,
2024-11-29,236.0405731201172,236.51796100091357,232.69882760276832,233.53426018813377,28481400.0,AAPL,,,,,,,,,,
2024-12-02,238.28829956054688,239.4817769036961,235.8715090788613,235.9809120539101,48137100.0,AAPL,,,,,,,,,,
2024-12-03,241.3316650390625,241.44106801091166,237.60203896586935,238.5070985351772,38861000.0,AAPL,,,,,,,,,,
2024-12-04,241.68971252441406,242.78374225546824,239.9392801306149,241.55047375645148,44383900.0,AAPL,,,,,,,,,,
2024-12-05,241.7195587158203,243.21140922639395,240.81451427308068,242.6644095132275,40033900.0,AAPL,,,,,,,,,,
2024-12-06,241.5206298828125,243.30091318780651,240.76476447856876,241.59025685240857,36870600.0,AAPL,,,,,,,,,,
2024-12-09,245.40940856933594,245.89675186527563,240.43657354260168,240.516140724136,44649200.0,AAPL,,,,,,,,,,
2024-12-10,246.42385864257812,246.86147053083658,244.00705305092782,245.54863486606115,36914800.0,AAPL,,,,,,,,,,
2024-12-11,245.15081787109375,249.43739908317045,244.92205654138039,246.61283253090062,45205800.0,AAPL,,,,,,,,,,
2024-12-12,246.61285400390625,247.388615093895,244.3452271532981,245.54865996903848,32777500.0,AAPL,,,,,,,,,,
2024-12-13,246.78189086914062,247.93557694468342,244.90216002667665,246.47357755688842,33155300.0,AAPL,,,,,,,,,,
2024-12-16,249.67608642578125,250.01425073054844,246.3045049916291,246.6426692963963,51694800.0,AAPL,,,,,,,,,,
2024-12-17,252.1028289794922,252.45093348613432,248.42293425963442,248.72130738305802,51356400.0,AAPL,,,,,,,,,,
2024-12-18,246.70233154296875,252.89847930582897,246.39401822090946,250.79000225751088,56774100.0,AAPL,,,,,,,,,,
2024-12-19,248.432861328125,250.63086087269232,245.74753371109492,246.15530978567995,60882300.0,AAPL,,,,,,,,,,
2024-12-20,253.1073760986328,253.61459983498276,244.35518295150268,246.69240643268387,147495300.0,AAPL,,,,,,,,,,
2024-12-23,253.8831024169922,254.26102752773247,252.07298333460633,253.38581895601413,40858800.0,AAPL,,,,,,,,,,
2024-12-24,256.7972412109375,256.80716624287646,253.90303208844082,254.101957652135,23234700.0,AAPL,,,,,,,,,,
2024-12-26,257.61273193359375,258.6868812844183,256.23029959445824,256.78725468311694,27237100.0,AAPL,,,,,,,,,,
2024-12-27,254.2013702392578,257.29448932345014,251.68511699924173,256.42919055718573,42355300.0,AAPL,,,,,,,,,,
2024-12-30,250.8297882080078,252.1227283114492,249.38766912858338,250.85962400320443,35557500.0,AAPL,,,,,,,,,,
2024-12-31,249.05946350097656,251.90392569582917,248.07483671879714,251.0684930674946,39480700.0,AAPL,,,,,,,,,,
2024-01-02,,,,,,TSLA,248.4199981689453,251.25,244.41000366210938,250.0800018310547,104654200.0,,,,,
2024-01-03,,,,,,TSLA,238.4499969482422,245.67999267578125,236.32000732421875,244.97999572753906,121082600.0,,,,,
2024-01-04,,,,,,TSLA,237.92999267578125,242.6999969482422,237.72999572753906,239.25,102629300.0,,,,,
2024-01-05,,,,,,TSLA,237.49000549316406,240.1199951171875,234.89999389648438,236.86000061035156,92488900.0,,,,,
2024-01-08,,,,,,TSLA,240.4499969482422,241.25,235.3000030517578,236.13999938964844,85166600.0,,,,,
2024-01-09,,,,,,TSLA,234.9600067138672,238.9600067138672,232.0399932861328,238.11000061035156,96705700.0,,,,,
2024-01-10,,,,,,TSLA,233.94000244140625,235.5,231.2899932861328,235.10000610351562,91628500.0,,,,,
2024-01-11,,,,,,TSLA,227.22000122070312,230.92999267578125,225.3699951171875,230.57000732421875,105873600.0,,,,,
2024-01-12,,,,,,TSLA,218.88999938964844,225.33999633789062,217.14999389648438,220.0800018310547,123043800.0,,,,,
2024-01-16,,,,,,TSLA,219.91000366210938,223.49000549316406,212.17999267578125,215.10000610351562,115355000.0,,,,,
2024-01-17,,,,,,TSLA,215.5500030517578,215.6699981689453,212.00999450683594,214.86000061035156,103164400.0,,,,,
2024-01-18,,,,,,TSLA,211.8800048828125,217.4499969482422,208.74000549316406,216.8800048828125,108595400.0,,,,,
2024-01-19,,,,,,TSLA,212.19000244140625,213.19000244140625,207.55999755859375,209.99000549316406,102260300.0,,,,,
2024-01-22,,,,,,TSLA,208.8000030517578,217.8000030517578,206.27000427246094,212.25999450683594,117952500.0,,,,,
2024-01-23,,,,,,TSLA,209.13999938964844,215.64999389648438,207.75,211.3000030517578,106605900.0,,,,,
2024-01-24,,,,,,TSLA,207.8300018310547,212.72999572753906,206.77000427246094,211.8800048828125,123369900.0,,,,,
2024-01-25,,,,,,TSLA,182.6300048828125,193.0,180.05999755859375,189.6999969482422,198076800.0,,,,,
2024-01-26,,,,,,TSLA,183.25,186.77999877929688,182.10000610351562,185.5,107343200.0,,,,,
2024-01-29,,,,,,TSLA,190.92999267578125,191.47999572753906,183.6699981689453,185.6300048828125,125013100.0,,,,,
2024-01-30,,,,,,TSLA,191.58999633789062,196.36000061035156,190.61000061035156,195.3300018310547,109982300.0,,,,,
2024-01-31,,,,,,TSLA,187.2899932861328,193.97000122070312,185.85000610351562,187.0,103221400.0,,,,,
2024-02-01,,,,,,TSLA,188.86000061035156,189.8800048828125,184.27999877929688,188.5,91843300.0,,,,,
2024-02-02,,,,,,TSLA,187.91000366210938,188.69000244140625,182.0,185.0399932861328,110612700.0,,,,,
2024-02-05,,,,,,TSLA,181.05999755859375,184.67999267578125,175.00999450683594,184.25999450683594,134294400.0,,,,,
2024-02-06,,,,,,TSLA,185.10000610351562,186.49000549316406,177.11000061035156,177.2100067138672,122676000.0,,,,,
2024-02-07,,,,,,TSLA,187.5800018310547,189.7899932861328,182.67999267578125,188.17999267578125,111535200.0,,,,,
2024-02-08,,,,,,TSLA,189.55999755859375,191.6199951171875,185.5800018310547,189.0,83034000.0,,,,,
2024-02-09,,,,,,TSLA,193.57000732421875,194.1199951171875,189.47999572753906,190.17999267578125,84476300.0,,,,,
2024-02-12,,,,,,TSLA,188.1300048828125,194.72999572753906,187.27999877929688,192.11000061035156,95498600.0,,,,,
2024-02-13,,,,,,TSLA,184.02000427246094,187.25999450683594,182.11000061035156,183.99000549316406,86759500.0,,,,,
2024-02-14,,,,,,TSLA,188.7100067138672,188.88999938964844,183.35000610351562,185.3000030517578,81203000.0,,,,,
2024-02-15,,,,,,TSLA,200.4499969482422,200.8800048828125,188.86000061035156,189.16000366210938,120831800.0,,,,,
2024-02-16,,,,,,TSLA,199.9499969482422,203.1699981689453,197.39999389648438,202.05999755859375,111346700.0,,,,,
2024-02-20,,,,,,TSLA,193.75999450683594,198.60000610351562,189.1300048828125,196.1300048828125,104545800.0,,,,,
2024-02-21,,,,,,TSLA,194.77000427246094,199.44000244140625,191.9499969482422,193.36000061035156,103500300.0,,,,,
2024-02-22,,,,,,TSLA,197.41000366210938,198.32000732421875,191.36000061035156,194.0,92739500.0,,,,,
2024-02-23,,,,,,TSLA,191.97000122070312,197.57000732421875,191.5,195.30999755859375,78841900.0,,,,,
2024-02-26,,,,,,TSLA,199.39999389648438,201.77999877929688,192.0,192.2899932861328,111747100.0,,,,,
2024-02-27,,,,,,TSLA,199.72999572753906,205.60000610351562,198.25999450683594,204.0399932861328,108645400.0,,,,,
2024-02-28,,,,,,TSLA,202.0399932861328,205.3000030517578,198.44000244140625,200.4199981689453,99806200.0,,,,,
2024-02-29,,,,,,TSLA,201.8800048828125,205.27999877929688,198.4499969482422,204.17999267578125,85907000.0,,,,,
2024-03-01,,,,,,TSLA,202.63999938964844,204.52000427246094,198.5,200.52000427246094,82243100.0,,,,,
2024-03-04,,,,,,TSLA,188.13999938964844,199.75,186.72000122070312,198.72999572753906,134334900.0,,,,,
2024-03-05,,,,,,TSLA,180.74000549316406,184.58999633789062,177.57000732421875,183.0500030517578,119660800.0,,,,,
2024-03-06,,,,,,TSLA,176.5399932861328,181.5800018310547,173.6999969482422,179.99000549316406,107920900.0,,,,,
2024-03-07,,,,,,TSLA,178.64999389648438,180.0399932861328,173.6999969482422,174.35000610351562,102129000.0,,,,,
2024-03-08,,,,,,TSLA,175.33999633789062,182.72999572753906,174.6999969482422,181.5,85544600.0,,,,,
2024-03-11,,,,,,TSLA,177.77000427246094,182.8699951171875,174.8000030517578,175.4499969482422,85391500.0,,,,,
2024-03-12,,,,,,TSLA,177.5399932861328,179.42999267578125,172.41000366210938,177.77000427246094,87391700.0,,,,,
2024-03-13,,,,,,TSLA,169.47999572753906,176.0500030517578,169.14999389648438,173.0500030517578,106524500.0,,,,,
2024-03-14,,,,,,TSLA,162.5,171.1699981689453,160.50999450683594,167.77000427246094,126325700.0,,,,,
2024-03-15,,,,,,TSLA,163.57000732421875,165.17999267578125,160.75999450683594,163.16000366210938,97146800.0,,,,,
2024-03-18,,,,,,TSLA,173.8000030517578,174.72000122070312,165.89999389648438,170.02000427246094,108214400.0,,,,,
2024-03-19,,,,,,TSLA,171.32000732421875,172.82000732421875,167.4199981689453,172.36000061035156,77271400.0,,,,,
2024-03-20,,,,,,TSLA,175.66000366210938,176.25,170.82000732421875,173.0,83846700.0,,,,,
2024-03-21,,,,,,TSLA,172.82000732421875,178.17999267578125,171.8000030517578,176.38999938964844,73178000.0,,,,,
2024-03-22,,,,,,TSLA,170.8300018310547,171.1999969482422,166.3000030517578,166.69000244140625,75580600.0,,,,,
2024-03-25,,,,,,TSLA,172.6300048828125,175.24000549316406,168.72999572753906,168.75999450683594,74228600.0,,,,,
2024-03-26,,,,,,TSLA,177.6699981689453,184.25,177.3800048828125,178.5800018310547,113186200.0,,,,,
2024-03-27,,,,,,TSLA,179.8300018310547,181.91000366210938,176.0,181.41000366210938,81804000.0,,,,,
2024-03-28,,,,,,TSLA,175.7899932861328,179.57000732421875,175.3000030517578,177.4499969482422,77654800.0,,,,,
2024-04-01,,,,,,TSLA,175.22000122070312,176.75,170.2100067138672,176.1699981689453,81562100.0,,,,,
2024-04-02,,,,,,TSLA,166.6300048828125,167.69000244140625,163.42999267578125,164.75,116650600.0,,,,,
2024-04-03,,,,,,TSLA,168.3800048828125,168.82000732421875,163.27999877929688,164.02000427246094,82950100.0,,,,,
2024-04-04,,,,,,TSLA,171.11000061035156,177.19000244140625,168.00999450683594,170.07000732421875,123162000.0,,,,,
2024-04-05,,,,,,TSLA,164.89999389648438,170.86000061035156,160.50999450683594,169.0800018310547,143157600.0,,,,,
2024-04-08,,,,,,TSLA,172.97999572753906,174.5,167.7899932861328,169.33999633789062,104423300.0,,,,,
2024-04-09,,,,,,TSLA,176.8800048828125,179.22000122070312,171.9199981689453,172.91000366210938,102951700.0,,,,,
2024-04-10,,,,,,TSLA,171.75999450683594,174.92999267578125,170.00999450683594,173.0399932861328,84532400.0,,,,,
2024-04-11,,,,,,TSLA,174.60000610351562,175.8800048828125,168.50999450683594,172.5500030517578,94516000.0,,,,,
2024-04-12,,,,,,TSLA,171.0500030517578,173.80999755859375,170.36000061035156,172.33999633789062,64722700.0,,,,,
2024-04-15,,,,,,TSLA,161.47999572753906,170.69000244140625,161.3800048828125,170.24000549316406,100245300.0,,,,,
2024-04-16,,,,,,TSLA,157.11000061035156,158.19000244140625,153.75,156.74000549316406,97000000.0,,,,,
2024-04-17,,,,,,TSLA,155.4499969482422,158.3300018310547,153.77999877929688,157.63999938964844,82439700.0,,,,,
2024-04-18,,,,,,TSLA,149.92999267578125,152.1999969482422,148.6999969482422,151.25,96098800.0,,,,,
2024-04-19,,,,,,TSLA,147.0500030517578,150.94000244140625,146.22000122070312,148.97000122070312,87074500.0,,,,,
2024-04-22,,,,,,TSLA,142.0500030517578,144.44000244140625,138.8000030517578,140.55999755859375,107097600.0,,,,,
2024-04-23,,,,,,TSLA,144.67999267578125,147.25999450683594,141.11000061035156,143.3300018310547,124545100.0,,,,,
2024-04-24,,,,,,TSLA,162.1300048828125,167.97000122070312,157.50999450683594,162.83999633789062,181178000.0,,,,,
2024-04-25,,,,,,TSLA,170.17999267578125,170.8800048828125,158.36000061035156,158.9600067138672,126427500.0,,,,,
2024-04-26,,,,,,TSLA,168.2899932861328,172.1199951171875,166.3699951171875,168.85000610351562,109815700.0,,,,,
2024-04-29,,,,,,TSLA,194.0500030517578,198.8699951171875,184.5399932861328,188.4199981689453,243869700.0,,,,,
2024-04-30,,,,,,TSLA,183.27999877929688,190.9499969482422,182.83999633789062,186.97999572753906,127031800.0,,,,,
2024-05-01,,,,,,TSLA,179.99000549316406,185.86000061035156,179.00999450683594,182.0,92829700.0,,,,,
2024-05-02,,,,,,TSLA,180.00999450683594,184.60000610351562,176.02000427246094,182.86000061035156,89148000.0,,,,,
2024-05-03,,,,,,TSLA,181.19000244140625,184.77999877929688,178.4199981689453,182.10000610351562,75491500.0,,,,,
2024-05-06,,,,,,TSLA,184.75999450683594,187.55999755859375,182.1999969482422,183.8000030517578,84390300.0,,,,,
2024-05-07,,,,,,TSLA,177.80999755859375,183.25999450683594,177.39999389648438,182.39999389648438,75045900.0,,,,,
2024-05-08,,,,,,TSLA,174.72000122070312,176.05999755859375,170.14999389648438,171.58999633789062,79969500.0,,,,,
2024-05-09,,,,,,TSLA,171.97000122070312,175.6199951171875,171.3699951171875,175.00999450683594,65950300.0,,,,,
2024-05-10,,,,,,TSLA,168.47000122070312,173.05999755859375,167.75,173.0500030517578,72627200.0,,,,,
2024-05-13,,,,,,TSLA,171.88999938964844,175.39999389648438,169.0,170.0,67018900.0,,,,,
2024-05-14,,,,,,TSLA,177.5500030517578,179.49000549316406,174.07000732421875,174.5,86407400.0,,,,,
2024-05-15,,,,,,TSLA,173.99000549316406,180.0,173.11000061035156,179.89999389648438,79663000.0,,,,,
2024-05-16,,,,,,TSLA,174.83999633789062,175.7899932861328,171.42999267578125,174.10000610351562,59812200.0,,,,,
2024-05-17,,,,,,TSLA,177.4600067138672,179.6300048828125,172.75,173.5500030517578,77445800.0,,,,,
2024-05-20,,,,,,TSLA,174.9499969482422,177.75,173.52000427246094,177.55999755859375,61727400.0,,,,,
2024-05-21,,,,,,TSLA,186.60000610351562,186.8800048828125,174.7100067138672,175.50999450683594,115266500.0,,,,,
2024-05-22,,,,,,TSLA,180.11000061035156,183.8000030517578,178.1199951171875,182.85000610351562,88313500.0,,,,,
2024-05-23,,,,,,TSLA,173.74000549316406,181.89999389648438,173.25999450683594,181.8000030517578,71975500.0,,,,,
2024-05-24,,,,,,TSLA,179.24000549316406,180.0800018310547,173.72999572753906,174.83999633789062,65584500.0,,,,,
2024-05-28,,,,,,TSLA,176.75,178.25,173.16000366210938,176.39999389648438,59736600.0,,,,,
2024-05-29,,,,,,TSLA,176.19000244140625,178.14999389648438,173.92999267578125,174.19000244140625,54782600.0,,,,,
2024-05-30,,,,,,TSLA,178.7899932861328,182.6699981689453,175.3800048828125,178.5800018310547,77618400.0,,,,,
2024-05-31,,,,,,TSLA,178.0800018310547,180.32000732421875,173.82000732421875,178.5,67314600.0,,,,,
2024-06-03,,,,,,TSLA,176.2899932861328,182.63999938964844,174.49000549316406,178.1300048828125,68568900.0,,,,,
2024-06-04,,,,,,TSLA,174.77000427246094,177.75999450683594,174.0,174.77999877929688,60056300.0,,,,,
2024-06-05,,,,,,TSLA,175.0,176.14999389648438,172.1300048828125,175.35000610351562,57953800.0,,,,,
2024-06-06,,,,,,TSLA,177.94000244140625,179.72999572753906,172.72999572753906,174.60000610351562,69887000.0,,,,,
2024-06-07,,,,,,TSLA,177.47999572753906,179.35000610351562,175.5800018310547,176.1300048828125,56244900.0,,,,,
2024-06-10,,,,,,TSLA,173.7899932861328,178.57000732421875,173.1699981689453,176.05999755859375,50774600.0,,,,,
2024-06-11,,,,,,TSLA,170.66000366210938,174.75,167.41000366210938,173.9199981689453,64761900.0,,,,,
2024-06-12,,,,,,TSLA,177.2899932861328,180.5500030517578,169.8000030517578,171.1199951171875,90389400.0,,,,,
2024-06-13,,,,,,TSLA,182.47000122070312,191.0800018310547,181.22999572753906,188.38999938964844,118984100.0,,,,,
2024-06-14,,,,,,TSLA,178.00999450683594,186.0,176.9199981689453,185.8000030517578,82038200.0,,,,,
2024-06-17,,,,,,TSLA,187.44000244140625,188.80999755859375,177.0,177.9199981689453,109786100.0,,,,,
2024-06-18,,,,,,TSLA,184.86000061035156,187.1999969482422,182.3699951171875,186.55999755859375,68982300.0,,,,,
2024-06-20,,,,,,TSLA,181.57000732421875,185.2100067138672,179.66000366210938,184.67999267578125,55893100.0,,,,,
2024-06-21,,,,,,TSLA,183.00999450683594,183.9499969482422,180.69000244140625,182.3000030517578,61937300.0,,,,,
2024-06-24,,,,,,TSLA,182.5800018310547,188.8000030517578,182.5500030517578,184.97000122070312,61992100.0,,,,,
2024-06-25,,,,,,TSLA,187.35000610351562,187.97000122070312,182.00999450683594,184.39999389648438,62905700.0,,,,,
2024-06-26,,,,,,TSLA,196.3699951171875,197.75999450683594,186.36000061035156,186.5399932861328,95737100.0,,,,,
2024-06-27,,,,,,TSLA,197.4199981689453,198.72000122070312,194.0500030517578,195.1699981689453,72746500.0,,,,,
2024-06-28,,,,,,TSLA,197.8800048828125,203.1999969482422,195.25999450683594,199.5500030517578,95438100.0,,,,,
2024-07-01,,,,,,TSLA,209.86000061035156,213.22999572753906,200.85000610351562,201.02000427246094,135691400.0,,,,,
2024-07-02,,,,,,TSLA,231.25999450683594,231.3000030517578,218.05999755859375,218.88999938964844,205047900.0,,,,,
2024-07-03,,,,,,TSLA,246.38999938964844,248.35000610351562,234.25,234.55999755859375,166561500.0,,,,,
2024-07-05,,,,,,TSLA,251.52000427246094,252.3699951171875,242.4600067138672,249.80999755859375,154501200.0,,,,,
2024-07-08,,,,,,TSLA,252.94000244140625,259.44000244140625,244.57000732421875,247.7100067138672,157219600.0,,,,,
2024-07-09,,,,,,TSLA,262.3299865722656,265.6099853515625,250.3000030517578,251.0,160210900.0,,,,,
2024-07-10,,,,,,TSLA,263.260009765625,267.5899963378906,257.8599853515625,262.79998779296875,128519400.0,,,,,
2024-07-11,,,,,,TSLA,241.02999877929688,271.0,239.64999389648438,263.29998779296875,221707300.0,,,,,
2024-07-12,,,,,,TSLA,248.22999572753906,251.83999633789062,233.08999633789062,235.8000030517578,155955800.0,,,,,
2024-07-15,,,,,,TSLA,252.63999938964844,265.6000061035156,251.72999572753906,255.97000122070312,146912900.0,,,,,
2024-07-16,,,,,,TSLA,256.55999755859375,258.6199951171875,245.8000030517578,255.30999755859375,126332500.0,,,,,
2024-07-17,,,,,,TSLA,248.5,258.4700012207031,246.17999267578125,252.72999572753906,115584800.0,,,,,
2024-07-18,,,,,,TSLA,249.22999572753906,257.1400146484375,247.1999969482422,251.08999633789062,110869000.0,,,,,
2024-07-19,,,,,,TSLA,239.1999969482422,249.44000244140625,236.8300018310547,247.7899932861328,87403900.0,,,,,
2024-07-22,,,,,,TSLA,251.50999450683594,253.2100067138672,243.75,244.2100067138672,101225400.0,,,,,
2024-07-23,,,,,,TSLA,246.3800048828125,255.75999450683594,245.6300048828125,253.60000610351562,111928200.0,,,,,
2024-07-24,,,,,,TSLA,215.99000549316406,225.99000549316406,214.7100067138672,225.4199981689453,167942900.0,,,,,
2024-07-25,,,,,,TSLA,220.25,226.0,216.22999572753906,216.8000030517578,100636500.0,,,,,
2024-07-26,,,,,,TSLA,219.8000030517578,222.27999877929688,215.3300018310547,221.19000244140625,94604100.0,,,,,
2024-07-29,,,,,,TSLA,232.10000610351562,234.27000427246094,224.6999969482422,224.89999389648438,129201800.0,,,,,
2024-07-30,,,,,,TSLA,222.6199951171875,232.41000366210938,220.0,232.25,100560300.0,,,,,
2024-07-31,,,,,,TSLA,232.07000732421875,234.67999267578125,226.7899932861328,227.89999389648438,67497000.0,,,,,
2024-08-01,,,,,,TSLA,216.86000061035156,231.8699951171875,214.3300018310547,227.69000244140625,83861900.0,,,,,
2024-08-02,,,,,,TSLA,207.6699981689453,216.1300048828125,205.77999877929688,214.8800048828125,82880100.0,,,,,
2024-08-05,,,,,,TSLA,198.8800048828125,203.8800048828125,182.0,185.22000122070312,100308800.0,,,,,
2024-08-06,,,,,,TSLA,200.63999938964844,202.89999389648438,192.6699981689453,200.75,73783900.0,,,,,
2024-08-07,,,,,,TSLA,191.75999450683594,203.49000549316406,191.47999572753906,200.77000427246094,71159800.0,,,,,
2024-08-08,,,,,,TSLA,198.83999633789062,200.6999969482422,192.0399932861328,195.6999969482422,65033900.0,,,,,
2024-08-09,,,,,,TSLA,200.0,200.8800048828125,195.11000061035156,197.0500030517578,58648300.0,,,,,
2024-08-12,,,,,,TSLA,197.49000549316406,199.25999450683594,194.6699981689453,199.02000427246094,64044900.0,,,,,
2024-08-13,,,,,,TSLA,207.8300018310547,208.49000549316406,197.05999755859375,198.47000122070312,76247400.0,,,,,
2024-08-14,,,,,,TSLA,201.3800048828125,208.44000244140625,198.75,207.38999938964844,70250000.0,,,,,
2024-08-15,,,,,,TSLA,214.13999938964844,215.8800048828125,204.82000732421875,205.02000427246094,89848500.0,,,,,
2024-08-16,,,,,,TSLA,216.1199951171875,219.8000030517578,210.8000030517578,211.14999389648438,88765100.0,,,,,
2024-08-19,,,,,,TSLA,222.72000122070312,222.97999572753906,214.08999633789062,217.07000732421875,76435200.0,,,,,
2024-08-20,,,,,,TSLA,221.10000610351562,228.22000122070312,219.55999755859375,224.8800048828125,74001200.0,,,,,
2024-08-21,,,,,,TSLA,223.27000427246094,224.66000366210938,218.86000061035156,222.6699981689453,70146000.0,,,,,
2024-08-22,,,,,,TSLA,210.66000366210938,224.8000030517578,210.32000732421875,223.82000732421875,79514500.0,,,,,
2024-08-23,,,,,,TSLA,220.32000732421875,221.47999572753906,214.2100067138672,214.4600067138672,81525200.0,,,,,
2024-08-26,,,,,,TSLA,213.2100067138672,219.08999633789062,211.00999450683594,218.75,59301200.0,,,,,
2024-08-27,,,,,,TSLA,209.2100067138672,215.66000366210938,206.94000244140625,213.25,62821400.0,,,,,
2024-08-28,,,,,,TSLA,205.75,211.83999633789062,202.58999633789062,209.72000122070312,64116400.0,,,,,
2024-08-29,,,,,,TSLA,206.27999877929688,214.88999938964844,205.97000122070312,209.8000030517578,62308800.0,,,,,
2024-08-30,,,,,,TSLA,214.11000061035156,214.57000732421875,207.02999877929688,208.6300048828125,63370600.0,,,,,
2024-09-03,,,,,,TSLA,210.60000610351562,219.89999389648438,209.63999938964844,215.25999450683594,76714200.0,,,,,
2024-09-04,,,,,,TSLA,219.41000366210938,222.22000122070312,210.57000732421875,210.58999633789062,80651800.0,,,,,
2024-09-05,,,,,,TSLA,230.1699981689453,235.0,222.25,223.49000549316406,119355000.0,,,,,
2024-09-06,,,,,,TSLA,210.72999572753906,233.60000610351562,210.50999450683594,232.60000610351562,112177000.0,,,,,
2024-09-09,,,,,,TSLA,216.27000427246094,219.8699951171875,213.6699981689453,216.1999969482422,67443500.0,,,,,
2024-09-10,,,,,,TSLA,226.1699981689453,226.39999389648438,218.63999938964844,220.07000732421875,78891100.0,,,,,
2024-09-11,,,,,,TSLA,228.1300048828125,228.47000122070312,216.8000030517578,224.5500030517578,83548600.0,,,,,
2024-09-12,,,,,,TSLA,229.80999755859375,231.4499969482422,223.8300018310547,224.66000366210938,71894900.0,,,,,
2024-09-13,,,,,,TSLA,230.2899932861328,232.6699981689453,226.32000732421875,228.0,59515100.0,,,,,
2024-09-16,,,,,,TSLA,226.77999877929688,229.9600067138672,223.52999877929688,229.3000030517578,54323000.0,,,,,
2024-09-17,,,,,,TSLA,227.8699951171875,234.57000732421875,226.5500030517578,229.4499969482422,66761600.0,,,,,
2024-09-18,,,,,,TSLA,227.1999969482422,235.67999267578125,226.8800048828125,230.08999633789062,78010200.0,,,,,
2024-09-19,,,,,,TSLA,243.9199981689453,244.24000549316406,232.1300048828125,234.0,102694600.0,,,,,
2024-09-20,,,,,,TSLA,238.25,243.99000549316406,235.9199981689453,241.52000427246094,99879100.0,,,,,
2024-09-23,,,,,,TSLA,250.0,250.0,241.9199981689453,242.61000061035156,86927200.0,,,,,
2024-09-24,,,,,,TSLA,254.27000427246094,257.19000244140625,249.0500030517578,254.0800018310547,88491000.0,,,,,
2024-09-25,,,,,,TSLA,257.0199890136719,257.04998779296875,252.27999877929688,252.5399932861328,65034300.0,,,,,
2024-09-26,,,,,,TSLA,254.22000122070312,261.75,251.52999877929688,260.6000061035156,67142200.0,,,,,
2024-09-27,,,,,,TSLA,260.4599914550781,260.70001220703125,254.1199951171875,257.3800048828125,70988100.0,,,,,
2024-09-30,,,,,,TSLA,261.6300048828125,264.8599853515625,255.77000427246094,259.0400085449219,80705700.0,,,,,
2024-10-01,,,,,,TSLA,258.0199890136719,263.9800109863281,248.52999877929688,262.6700134277344,87397600.0,,,,,
2024-10-02,,,,,,TSLA,249.02000427246094,251.16000366210938,241.5,247.5500030517578,93983900.0,,,,,
2024-10-03,,,,,,TSLA,240.66000366210938,249.7899932861328,237.80999755859375,244.47999572753906,80729200.0,,,,,
2024-10-04,,,,,,TSLA,250.0800018310547,250.9600067138672,244.5800018310547,246.69000244140625,86573200.0,,,,,
2024-10-07,,,,,,TSLA,240.8300018310547,249.8300018310547,240.6999969482422,249.0,68113300.0,,,,,
2024-10-08,,,,,,TSLA,244.5,246.2100067138672,240.55999755859375,243.55999755859375,56303200.0,,,,,
2024-10-09,,,,,,TSLA,241.0500030517578,247.42999267578125,239.50999450683594,243.82000732421875,66289500.0,,,,,
2024-10-10,,,,,,TSLA,238.77000427246094,242.7899932861328,232.33999633789062,241.80999755859375,83087100.0,,,,,
2024-10-11,,,,,,TSLA,217.8000030517578,223.33999633789062,214.3800048828125,220.1300048828125,142628900.0,,,,,
2024-10-14,,,,,,TSLA,219.16000366210938,221.91000366210938,213.74000549316406,220.1300048828125,86291900.0,,,,,
2024-10-15,,,,,,TSLA,219.57000732421875,224.25999450683594,217.1199951171875,220.00999450683594,62988800.0,,,,,
2024-10-16,,,,,,TSLA,221.3300018310547,222.82000732421875,218.92999267578125,221.39999389648438,49632800.0,,,,,
2024-10-17,,,,,,TSLA,220.88999938964844,222.0800018310547,217.89999389648438,221.58999633789062,50791800.0,,,,,
2024-10-18,,,,,,TSLA,220.6999969482422,222.27999877929688,219.22999572753906,220.7100067138672,49611900.0,,,,,
2024-10-21,,,,,,TSLA,218.85000610351562,220.47999572753906,215.72999572753906,218.89999389648438,47329000.0,,,,,
2024-10-22,,,,,,TSLA,217.97000122070312,218.22000122070312,215.25999450683594,217.30999755859375,43268700.0,,,,,
2024-10-23,,,,,,TSLA,213.64999389648438,218.72000122070312,212.11000061035156,217.1300048828125,80938900.0,,,,,
2024-10-24,,,,,,TSLA,260.4800109863281,262.1199951171875,242.64999389648438,244.67999267578125,204491900.0,,,,,
2024-10-25,,,,,,TSLA,269.19000244140625,269.489990234375,255.32000732421875,256.010009765625,161611900.0,,,,,
2024-10-28,,,,,,TSLA,262.510009765625,273.5400085449219,262.239990234375,270.0,107653600.0,,,,,
2024-10-29,,,,,,TSLA,259.5199890136719,264.9800109863281,255.50999450683594,264.510009765625,80521800.0,,,,,
2024-10-30,,,,,,TSLA,257.54998779296875,263.3500061035156,255.82000732421875,258.0400085449219,53993600.0,,,,,
2024-10-31,,,,,,TSLA,249.85000610351562,259.75,249.25,257.989990234375,66575300.0,,,,,
2024-11-01,,,,,,TSLA,248.97999572753906,254.0,246.6300048828125,252.0399932861328,57544800.0,,,,,
2024-11-04,,,,,,TSLA,242.83999633789062,248.89999389648438,238.8800048828125,244.55999755859375,68802400.0,,,,,
2024-11-05,,,,,,TSLA,251.44000244140625,255.27999877929688,246.2100067138672,247.33999633789062,69282500.0,,,,,
2024-11-06,,,,,,TSLA,288.5299987792969,289.5899963378906,275.6199951171875,284.6700134277344,165228700.0,,,,,
2024-11-07,,,,,,TSLA,296.9100036621094,299.75,285.5199890136719,288.8900146484375,117309200.0,,,,,
2024-11-08,,,,,,TSLA,321.2200012207031,328.7099914550781,297.6600036621094,299.1400146484375,204782800.0,,,,,
2024-11-11,,,,,,TSLA,350.0,358.6400146484375,336.0,346.29998779296875,210521600.0,,,,,
2024-11-12,,,,,,TSLA,328.489990234375,345.8399963378906,323.30999755859375,342.739990234375,155726000.0,,,,,
2024-11-13,,,,,,TSLA,330.239990234375,344.6000061035156,322.5,335.8500061035156,125405600.0,,,,,
2024-11-14,,,,,,TSLA,311.17999267578125,329.9800109863281,310.3699951171875,327.69000244140625,120726100.0,,,,,
2024-11-15,,,,,,TSLA,320.7200012207031,324.67999267578125,309.2200012207031,310.57000732421875,114440300.0,,,,,
2024-11-18,,,,,,TSLA,338.739990234375,348.54998779296875,330.010009765625,340.7300109863281,126085600.0,,,,,
2024-11-19,,,,,,TSLA,346.0,347.3800048828125,332.75,335.760009765625,88852500.0,,,,,
2024-11-20,,,,,,TSLA,342.0299987792969,346.6000061035156,334.29998779296875,345.0,66340700.0,,,,,
2024-11-21,,,,,,TSLA,339.6400146484375,347.989990234375,335.2799987792969,343.80999755859375,58011700.0,,,,,
2024-11-22,,,,,,TSLA,352.55999755859375,361.5299987792969,337.70001220703125,341.0899963378906,89140700.0,,,,,
2024-11-25,,,,,,TSLA,338.5899963378906,361.92999267578125,338.20001220703125,360.1400146484375,95890900.0,,,,,
2024-11-26,,,,,,TSLA,338.2300109863281,346.9599914550781,335.6600036621094,341.0,62295900.0,,,,,
2024-11-27,,,,,,TSLA,332.8900146484375,342.54998779296875,326.5899963378906,341.79998779296875,57896400.0,,,,,
2024-11-29,,,,,,TSLA,345.1600036621094,345.45001220703125,334.6499938964844,336.0799865722656,37167600.0,,,,,
2024-12-02,,,,,,TSLA,357.0899963378906,360.0,351.1499938964844,352.3800048828125,77986500.0,,,,,
2024-12-03,,,,,,TSLA,351.4200134277344,355.69000244140625,348.20001220703125,351.79998779296875,58267200.0,,,,,
2024-12-04,,,,,,TSLA,357.92999267578125,358.1000061035156,348.6000061035156,353.0,50810900.0,,,,,
2024-12-05,,,,,,TSLA,369.489990234375,375.42999267578125,359.5,359.8699951171875,81403600.0,,,,,
2024-12-06,,,,,,TSLA,389.2200012207031,389.489990234375,370.79998779296875,377.4200134277344,81455800.0,,,,,
2024-12-09,,,,,,TSLA,389.7900085449219,404.79998779296875,378.010009765625,397.6099853515625,96359200.0,,,,,
2024-12-10,,,,,,TSLA,400.989990234375,409.7300109863281,390.8500061035156,392.67999267578125,97563600.0,,,,,
2024-12-11,,,,,,TSLA,424.7699890136719,424.8800048828125,402.3800048828125,409.70001220703125,104287600.0,,,,,
2024-12-12,,,,,,TSLA,418.1000061035156,429.29998779296875,415.0,424.8399963378906,87752200.0,,,,,
2024-12-13,,,,,,TSLA,436.2300109863281,436.29998779296875,415.7099914550781,420.0,89000200.0,,,,,
2024-12-16,,,,,,TSLA,463.0199890136719,463.19000244140625,436.1499938964844,441.0899963378906,114083800.0,,,,,
2024-12-17,,,,,,TSLA,479.8599853515625,483.989990234375,457.510009765625,475.8999938964844,131223000.0,,,,,
2024-12-18,,,,,,TSLA,440.1300048828125,488.5400085449219,427.010009765625,466.5,149340800.0,,,,,
2024-12-19,,,,,,TSLA,436.1700134277344,456.3599853515625,420.0199890136719,451.8800048828125,118566100.0,,,,,
2024-12-20,,,,,,TSLA,421.05999755859375,447.0799865722656,417.6400146484375,425.510009765625,132216200.0,,,,,
2024-12-23,,,,,,TSLA,430.6000061035156,434.510009765625,415.4100036621094,431.0,72698100.0,,,,,
2024-12-24,,,,,,TSLA,462.2799987792969,462.7799987792969,435.1400146484375,435.8999938964844,59551800.0,,,,,
2024-12-26,,,,,,TSLA,454.1300048828125,465.3299865722656,451.0199890136719,465.1600036621094,76366400.0,,,,,
2024-12-27,,,,,,TSLA,431.6600036621094,450.0,426.5,449.5199890136719,82666800.0,,,,,
2024-12-30,,,,,,TSLA,417.4100036621094,427.0,415.75,419.3999938964844,64941000.0,,,,,
2024-12-31,,,,,,TSLA,403.8399963378906,427.92999267578125,402.5400085449219,423.7900085449219,76825100.0,,,,,
2024-01-02,,,,,,MSFT,,,,,,364.5894775390625,369.5342955375811,360.55890320609336,367.528833625427,25258600.0
2024-01-03,,,,,,MSFT,,,,,,364.3240051269531,366.9389624174864,362.2694022559853,362.76093490456435,23083500.0
2024-01-04,,,,,,MSFT,,,,,,361.7091064453125,366.7817278006742,360.95215684412767,364.3928859416935,20901500.0
2024-01-05,,,,,,MSFT,,,,,,361.52227783203125,365.75928703620065,360.29344616027043,362.72161874370073,21004600.0
2024-01-08,,,,,,MSFT,,,,,,368.34478759765625,368.8461605661577,362.76098316710153,363.04605054064757,23134000.0
2024-01-09,,,,,,MSFT,,,,,,369.42608642578125,369.62268146878824,364.9039804258466,365.7101011042531,20830000.0
2024-01-10,,,,,,MSFT,,,,,,376.28790283203125,377.66421828465786,369.94714950002793,369.99629076586194,25514200.0
2024-01-11,,,,,,MSFT,,,,,,378.1164245605469,384.0639578363486,373.9383968872458,379.4632192692285,27850800.0
2024-01-12,,,,,,MSFT,,,,,,381.8914489746094,382.0978843256019,378.13613163335935,378.9619030381072,21661200.0
2024-01-16,,,,,,MSFT,,,,,,383.6609191894531,387.3572546583597,381.0558019045163,386.9935252639614,27202300.0
2024-01-17,,,,,,MSFT,,,,,,382.87451171875,383.5036580222972,378.29342300551,381.40975376136174,22234100.0
2024-01-18,,,,,,MSFT,,,,,,387.199951171875,387.317914215752,383.51345604684644,385.0863666336801,23392100.0
2024-01-19,,,,,,MSFT,,,,,,391.918701171875,391.918701171875,386.83623978929575,389.05797722162475,29331100.0
2024-01-22,,,,,,MSFT,,,,,,389.7952575683594,393.83564181909105,386.9246935015416,393.2457965997971,27016900.0
2024-01-23,,,,,,MSFT,,,,,,392.144775390625,392.61665757487873,387.2589392356876,389.04812543344485,20525900.0
2024-01-24,,,,,,MSFT,,,,,,395.7427978515625,398.7608157750505,393.66854429552797,394.7400819620146,24867000.0
2024-01-25,,,,,,MSFT,,,,,,398.013671875,400.11744616888006,395.71330250742477,397.4729979213706,21021200.0
2024-01-26,,,,,,MSFT,,,,,,397.0895690917969,399.2916558179086,395.61497110591324,397.52212023438454,17803300.0
2024-01-29,,,,,,MSFT,,,,,,402.7815856933594,403.03719231588735,397.4828484080428,399.1835624719501,24510200.0
2024-01-30,,,,,,MSFT,,,,,,401.6706848144531,406.05514806143475,399.56694047651416,405.27854800251134,33477600.0
2024-01-31,,,,,,MSFT,,,,,,390.8471374511719,408.28673844568766,390.48340804499526,400.06829591373173,47871100.0
2024-02-01,,,,,,MSFT,,,,,,396.942138671875,401.0906757831929,394.9956584155895,395.02514917701313,30657700.0
2024-02-02,,,,,,MSFT,,,,,,404.2561340332031,405.66191028214797,396.7258498594463,396.9716161967069,28256700.0
2024-02-05,,,,,,MSFT,,,,,,398.78045654296875,404.197156266753,397.1485644483077,402.9584843152066,25352300.0
2024-02-06,,,,,,MSFT,,,,,,398.6231994628906,401.0612125775962,396.08690380386986,399.0066093885159,18382600.0
2024-02-07,,,,,,MSFT,,,,,,407.0382080078125,407.28397435246177,400.5008292402968,400.54016025565755,22340500.0
2024-02-08,,,,,,MSFT,,,,,,407.0971984863281,408.52265531696276,405.5439683543155,407.0382169623767,21225300.0
2024-02-09,,,,,,MSFT,,,,,,413.4281311035156,413.693577955035,408.060602560808,408.2178966207668,22032800.0
2024-02-12,,,,,,MSFT,,,,,,408.2277526855469,413.61493194410616,407.7263797250581,413.43798737008973,21202900.0
2024-02-13,,,,,,MSFT,,,,,,399.4391174316406,403.1256124684785,396.55874317637694,398.08248245796057,27824900.0
2024-02-14,,,,,,MSFT,,,,,,403.29986572265625,403.6445808998677,398.454256564083,401.9013482236895,20401200.0
2024-02-15,,,,,,MSFT,,,,,,400.4141540527344,402.94531135993617,398.17847977076707,401.97028650604454,21825500.0
2024-02-16,,,,,,MSFT,,,,,,397.95196533203125,402.11803273676423,397.3413424619827,401.7930043986709,22296500.0
2024-02-20,,,,,,MSFT,,,,,,396.701171875,398.3754555316585,391.99343067715284,397.1443513475326,24307900.0
2024-02-21,,,,,,MSFT,,,,,,396.1003723144531,396.20872511051635,391.2153593903598,394.12077725006736,18518900.0
2024-02-22,,,,,,MSFT,,,,,,405.42718505859375,406.5893400835542,402.393757864311,403.9892639250621,27009900.0
2024-02-23,,,,,,MSFT,,,,,,404.1369934082031,409.57353818458586,402.7877081506477,409.3864380168882,16295900.0
2024-02-26,,,,,,MSFT,,,,,,401.37933349609375,405.92948936303003,401.20203166596815,405.24005905629645,16193500.0
2024-02-27,,,,,,MSFT,,,,,,401.3202209472656,402.1475192363306,397.74509008849367,401.82249094576025,14835800.0
2024-02-28,,,,,,MSFT,,,,,,401.5566711425781,403.112773728935,399.1929569344221,402.00970910221264,13183100.0
2024-02-29,,,,,,MSFT,,,,,,407.3871154785156,407.93864768524475,399.7838157071772,402.46269930682627,31947300.0
2024-03-01,,,,,,MSFT,,,,,,409.2190246582031,409.58342668223145,404.66886847100426,405.0529573414313,17823400.0
2024-03-04,,,,,,MSFT,,,,,,408.6477966308594,411.04105586312363,406.08709401097116,407.1901585103068,17596000.0
2024-03-05,,,,,,MSFT,,,,,,396.563232421875,407.98788407033936,394.5836375385052,407.70225951365865,26919200.0
2024-03-06,,,,,,MSFT,,,,,,396.01177978515625,399.03537916711076,392.36772908168757,396.87848202355104,22344100.0
2024-03-07,,,,,,MSFT,,,,,,402.95513916015625,403.5854487981229,396.1594208279708,399.9807725694748,18718500.0
2024-03-08,,,,,,MSFT,,,,,,400.0793151855469,404.21583727335775,398.2178712291556,401.793002594602,18002200.0
2024-03-11,,,,,,MSFT,,,,,,398.405029296875,399.5474976681266,395.1943297935152,397.65653833769795,16120800.0
2024-03-12,,,,,,MSFT,,,,,,409.0023498535156,409.28797443620516,400.64069996356216,401.4581399062547,22457000.0
2024-03-13,,,,,,MSFT,,,,,,408.8250732421875,411.85850065118984,405.2302551257752,411.7797232101297,17115900.0
2024-03-14,,,,,,MSFT,,,,,,418.7920837402344,421.3527863664109,411.6713665638625,413.8873540190868,34157300.0
2024-03-15,,,,,,MSFT,,,,,,410.12506103515625,416.21163178493475,406.54993033510465,412.9516709113682,45079900.0
2024-03-18,,,,,,MSFT,,,,,,411.0115051269531,414.3699607798189,407.52500983634934,407.9879061886506,20106000.0
2024-03-19,,,,,,MSFT,,,,,,415.0396728515625,415.295752126201,409.2682411150174,411.5137738248201,19837900.0
2024-03-20,,,,,,MSFT,,,,,,418.8019104003906,419.5208559286198,414.3009867861631,415.6207267192323,17860100.0
2024-03-21,,,,,,MSFT,,,,,,422.87933349609375,424.3074262893576,420.7027498405441,423.3323713938263,21296200.0
2024-03-22,,,,,,MSFT,,,,,,422.2588806152344,423.36194516542855,419.62925888508494,423.2043902779049,17648500.0
2024-03-25,,,,,,MSFT,,,,,,416.4677429199219,420.9489800236463,415.2366387798196,418.8117700116772,18060500.0
2024-03-26,,,,,,MSFT,,,,,,415.2760009765625,419.5503905165624,414.9805480350016,419.1761300864183,16725600.0
2024-03-27,,,,,,MSFT,,,,,,415.0593566894531,418.0337234540762,412.67595596490696,418.02386500319915,16705000.0
2024-03-28,,,,,,MSFT,,,,,,414.360107421875,415.4927172172239,412.78428811448583,414.5964697982947,21871200.0
2024-04-01,,,,,,MSFT,,,,,,418.1519470214844,421.42176708130677,415.83746504973493,417.5413241302687,16316000.0
2024-04-02,,,,,,MSFT,,,,,,415.0692443847656,415.9950371448598,411.52365828826186,413.7593326884334,17912000.0
2024-04-03,,,,,,MSFT,,,,,,414.09417724609375,416.86169679254687,412.75472038791173,413.38506009911544,16502300.0
2024-04-04,,,,,,MSFT,,,,,,411.56304931640625,422.1899488258563,411.2577378896696,418.5655553413228,19370900.0
2024-04-05,,,,,,MSFT,,,,,,419.08758544921875,420.062640481163,411.99644280159436,413.660898199363,16554800.0
2024-04-08,,,,,,MSFT,,,,,,418.1716003417969,420.8209388461148,416.9010924581036,418.7428494922185,14272400.0
2024-04-09,,,,,,MSFT,,,,,,419.8360900878906,421.2740114208572,415.246529885916,419.9936750369666,12496900.0
2024-04-10,,,,,,MSFT,,,,,,416.86175537109375,417.62010476496505,413.35557288951713,415.80792292497927,16216600.0
2024-04-11,,,,,,MSFT,,,,,,421.4610595703125,422.87929377947376,415.97525294572694,419.38297045020465,17966400.0
2024-04-12,,,,,,MSFT,,,,,,415.5222473144531,418.7526632511182,413.42444113170603,417.6397403424306,19253800.0
2024-04-15,,,,,,MSFT,,,,,,407.3871154785156,420.36786929358846,407.1802683588039,420.1511937797841,20273500.0
2024-04-16,,,,,,MSFT,,,,,,408.3128662109375,412.07512727036436,407.47573953105865,408.30303781713025,16765600.0
2024-04-17,,,,,,MSFT,,,,,,405.61431884765625,412.5479054250206,404.1271355046504,410.9425408996239,15855500.0
2024-04-18,,,,,,MSFT,,,,,,398.15875244140625,405.66358827577534,397.8436126348303,404.4226257260466,21029900.0
2024-04-19,,,,,,MSFT,,,,,,393.08660888671875,399.35048216055003,391.7570104509112,397.922389385747,30565800.0
2024-04-22,,,,,,MSFT,,,,,,394.8987731933594,396.7602169331123,389.7675399586122,394.0320711382099,20286900.0
2024-04-23,,,,,,MSFT,,,,,,401.4089050292969,402.0293863346637,396.9670716039761,398.1292267170022,15734500.0
2024-04-24,,,,,,MSFT,,,,,,402.8763732910156,406.23482905911584,400.63084049682084,403.36881495690267,15065300.0
2024-04-25,,,,,,MSFT,,,,,,393.0078430175781,393.8449998393028,382.16426819567243,388.0735680343126,40586500.0
2024-04-26,,,,,,MSFT,,,,,,400.17779541015625,406.7568087350332,399.6262631587446,405.9393688090581,29694700.0
2024-04-29,,,,,,MSFT,,,,,,396.1693115234375,400.17779380940664,393.1555709987601,399.12396145400385,19582100.0
2024-04-30,,,,,,MSFT,,,,,,383.4446105957031,396.0806804506466,383.2870557136592,395.4207954000411,28781400.0
2024-05-01,,,,,,MSFT,,,,,,388.9698181152344,395.6473257764034,384.4098035661703,386.6750231640028,23562500.0
2024-05-02,,,,,,MSFT,,,,,,391.82598876953125,393.88439136644655,388.6842084752251,391.6487169798458,17709400.0
2024-05-03,,,,,,MSFT,,,,,,400.5126647949219,400.9952480161036,395.7852067038653,396.1988709336313,17446700.0
2024-05-06,,,,,,MSFT,,,,,,407.2886047363281,407.67269355299646,400.2269790058507,402.58086426809314,16996600.0
2024-05-07,,,,,,MSFT,,,,,,403.1521301269531,408.4015749957849,402.90590929968624,408.3917165446932,20018200.0
2024-05-08,,,,,,MSFT,,,,,,404.3339538574219,405.9984088555703,400.56183440244655,401.999785502548,11792300.0
2024-05-09,,,,,,MSFT,,,,,,406.0870666503906,406.48101393700307,402.9157414003457,404.36352097224125,14689700.0
2024-05-10,,,,,,MSFT,,,,,,408.47052001953125,409.1008598045123,405.5749605018169,406.6977419727187,13402300.0
2024-05-13,,,,,,MSFT,,,,,,407.4659118652344,412.02592626132173,404.6097563640546,411.6910695528216,15440200.0
2024-05-14,,,,,,MSFT,,,,,,410.26300048828125,411.1789347782618,405.3287253515243,405.79162172220066,15109300.0
2024-05-15,,,,,,MSFT,,,,,,417.43603515625,418.1563076849087,411.703543849402,412.32514437118755,22239500.0
2024-05-16,,,,,,MSFT,,,,,,415.3739013671875,419.7448271840896,414.74245474989345,416.1730933998144,17530100.0
2024-05-17,,,,,,MSFT,,,,,,414.6043395996094,417.2782095530174,412.45342828847055,416.9032739810727,15352200.0
2024-05-20,,,,,,MSFT,,,,,,419.6658630371094,421.07677928196154,414.3872272445279,414.6042935983872,16272100.0
2024-05-21,,,,,,MSFT,,,,,,423.3165283203125,427.1940941013643,419.1824213563369,421.13598848639515,21453300.0
2024-05-22,,,,,,MSFT,,,,,,424.77679443359375,426.6415960323189,421.43203314716374,424.3525379179631,18073700.0
2024-05-23,,,,,,MSFT,,,,,,421.3037414550781,427.81570226312846,419.7448321943187,427.19410176133954,17211700.0
2024-05-24,,,,,,MSFT,,,,,,424.4215393066406,425.3095270127513,418.74824604311783,421.49115879915024,11855300.0
2024-05-28,,,,,,MSFT,,,,,,424.5794677734375,425.07279769134385,420.9090919797955,423.8986700778892,15718000.0
2024-05-29,,,,,,MSFT,,,,,,423.4447937011719,425.1911706830153,420.0112068053538,420.0112068053538,15517100.0
2024-05-30,,,,,,MSFT,,,,,,409.1382141113281,418.639722265152,408.7139275324575,418.639722265152,28394500.0
2024-05-31,,,,,,MSFT,,,,,,409.59210205078125,411.1904861655314,399.11377942255837,411.1904861655314,47995300.0
2024-06-03,,,,,,MSFT,,,,,,408.0035400390625,410.8747236026411,403.4649291544174,409.9867358256656,17484700.0
2024-06-04,,,,,,MSFT,,,,,,410.51953125,410.88459054146256,404.21476096620233,406.9280752908703,14348900.0
2024-06-05,,,,,,MSFT,,,,,,418.3536376953125,418.42268099839066,410.746468843911,412.23633479956106,16988000.0
2024-06-06,,,,,,MSFT,,,,,,418.8567810058594,419.6362506295676,414.9693392305099,418.35360501475236,14861300.0
2024-06-07,,,,,,MSFT,,,,,,418.1957702636719,420.59334639709124,417.3571033955117,420.51442686018504,13621700.0
2024-06-10,,,,,,MSFT,,,,,,422.1621398925781,422.3693300275411,418.2352530096641,419.0344450692757,13982900.0
2024-06-11,,,,,,MSFT,,,,,,426.907958984375,427.04610581067664,419.57708382911113,419.8040264249776,14551100.0
2024-06-12,,,,,,MSFT,,,,,,435.1761779785156,437.48495834500466,427.47036718999846,429.51276024474697,22366200.0
2024-06-13,,,,,,MSFT,,,,,,435.689208984375,437.4750908737884,433.508699318619,434.9689666213265,15960600.0
2024-06-14,,,,,,MSFT,,,,,,436.6660461425781,437.2284494695541,430.8940801420427,432.4332670607897,13582000.0
2024-06-17,,,,,,MSFT,,,,,,442.3886413574219,444.92436422206765,434.84070005199675,436.68574902549324,20790000.0
2024-06-18,,,,,,MSFT,,,,,,440.3857421875,444.1350675846114,438.95510350912195,443.71078097637735,17112500.0
2024-06-20,,,,,,MSFT,,,,,,439.7542419433594,440.5731562487516,435.383316572412,440.34621367715397,19877400.0
2024-06-21,,,,,,MSFT,,,,,,443.7798156738281,444.56913141990066,440.553449170913,441.4118383251449,34187100.0
2024-06-24,,,,,,MSFT,,,,,,441.697998046875,446.71021649298933,440.45479708566984,443.7995580906483,15913700.0
2024-06-25,,,,,,MSFT,,,,,,444.9342346191406,445.3979659147229,440.7902515475345,442.27024120018433,16413400.0
2024-06-26,,,,,,MSFT,,,,,,446.12811279296875,447.5489053584295,442.2110720595261,443.0102641137892,16507000.0
2024-06-27,,,,,,MSFT,,,,,,446.80889892578125,450.08461670642896,445.74328947401983,446.1478236075156,14806300.0
2024-06-28,,,,,,MSFT,,,,,,440.9875793457031,449.305113661538,440.45477465939115,447.02593208902044,28362300.0
2024-07-01,,,,,,MSFT,,,,,,450.6371154785156,451.2685620568994,439.71478489170136,442.6747641221356,17662800.0
2024-07-02,,,,,,MSFT,,,,,,453.153076171875,453.45893827703065,447.0653724350894,447.15419830732895,13979800.0
2024-07-03,,,,,,MSFT,,,,,,454.6231994628906,454.869864398923,451.7717684597979,452.07763057164084,9932800.0
2024-07-05,,,,,,MSFT,,,,,,461.3226013183594,462.1020709028193,452.8471982115864,453.4786447544731,16000300.0
2024-07-08,,,,,,MSFT,,,,,,460.020263671875,461.4608086849496,458.26401040115894,460.3261258064599,12962300.0
2024-07-09,,,,,,MSFT,,,,,,453.40966796875,461.0957263862654,451.89020339539763,460.770141890067,17207200.0
2024-07-10,,,,,,MSFT,,,,,,460.0301208496094,460.2373109717691,452.73869064735504,455.0672233776237,18196100.0
2024-07-11,,,,,,MSFT,,,,,,448.63421630859375,458.57973369334036,445.5262138972975,456.8037581244286,23111200.0
2024-07-12,,,,,,MSFT,,,,,,447.4995422363281,450.2720538778231,444.6382348256943,448.26913567933263,16324300.0
2024-07-15,,,,,,MSFT,,,,,,447.904052734375,451.1600479833261,445.40780476541227,447.2528536845848,14429400.0
2024-07-16,,,,,,MSFT,,,,,,443.5232849121094,448.23951736513413,440.7014524487549,448.1605978328616,17175700.0
2024-07-17,,,,,,MSFT,,,,,,437.60333251953125,438.9156068819966,433.3212327097638,436.68574615539535,21778000.0
2024-07-18,,,,,,MSFT,,,,,,434.495361328125,438.71826397070777,428.6050012530057,438.4124018485707,20794800.0
2024-07-19,,,,,,MSFT,,,,,,431.2788391113281,435.2551069043024,426.23702212212055,427.3223538949878,20940400.0
2024-07-22,,,,,,MSFT,,,,,,437.0310974121094,438.6689563053254,433.05485959349295,435.8964446559175,15808800.0
2024-07-23,,,,,,MSFT,,,,,,438.9156188964844,442.40840302613475,437.1889642431626,437.9782800404941,13107100.0
2024-07-24,,,,,,MSFT,,,,,,423.17840576171875,435.5906035987281,421.88588376058476,434.5743451525585,26805800.0
2024-07-25,,,,,,MSFT,,,,,,412.8184509277344,424.066366533815,411.94033937034624,423.0797067418699,29943800.0
2024-07-26,,,,,,MSFT,,,,,,419.5967712402344,423.19810333197387,411.7034934246348,412.6211098546519,23583800.0
2024-07-29,,,,,,MSFT,,,,,,421.03729248046875,426.3849710384123,419.03437455164,425.82256779911734,15125800.0
2024-07-30,,,,,,MSFT,,,,,,417.27813720703125,423.32633592791996,411.79228152562297,422.01409176409487,32687600.0
2024-07-31,,,,,,MSFT,,,,,,412.7691345214844,416.1533704185598,406.7110288792971,414.89044707540063,42891400.0
2024-08-01,,,,,,MSFT,,,,,,411.545654296875,421.7575892383458,407.57929274476925,415.1765852410534,30296400.0
2024-08-02,,,,,,MSFT,,,,,,403.0406188964844,409.46378330120876,398.9459870855653,406.98725777167675,29437900.0
2024-08-05,,,,,,MSFT,,,,,,389.8785705566406,395.6900105848848,380.43623009500715,383.97836487999916,40709200.0
2024-08-06,,,,,,MSFT,,,,,,394.2791442871094,400.2583309236166,393.183966261965,394.66395609733,24946500.0
2024-08-07,,,,,,MSFT,,,,,,393.1148681640625,404.60944914169323,392.16768315982324,403.18868669056855,20650900.0
2024-08-08,,,,,,MSFT,,,,,,397.3180236816406,400.4457182788044,394.6047093244423,397.07135874007713,20203000.0
2024-08-09,,,,,,MSFT,,,,,,400.6036376953125,402.6065560675801,396.8938169840574,398.6401941495763,19276700.0
2024-08-12,,,,,,MSFT,,,,,,401.3830261230469,403.3070245629386,398.84730349296393,401.6296910455733,16762900.0
2024-08-13,,,,,,MSFT,,,,,,408.4870300292969,409.41449264240543,404.10625814496586,404.1259805010332,19414300.0
2024-08-14,,,,,,MSFT,,,,,,411.2989807128906,412.14752377963794,406.9478375879701,409.26646397851016,18267000.0
2024-08-15,,,,,,MSFT,,,,,,416.1620788574219,416.2411406304339,412.8310473922666,414.9462891736181,20752100.0
2024-08-16,,,,,,MSFT,,,,,,413.6316833496094,416.46849580465874,412.4751975268654,415.7370612802868,22775600.0
2024-08-19,,,,,,MSFT,,,,,,416.65631103515625,416.87376862371895,411.64492262923585,414.11601787893187,15234000.0
2024-08-20,,,,,,MSFT,,,,,,419.88848876953125,420.9362307322599,416.76505094858624,416.82435482083605,16387600.0
2024-08-21,,,,,,MSFT,,,,,,419.2361755371094,421.4700252660244,416.8441419181339,419.1768414959673,16067300.0
2024-08-22,,,,,,MSFT,,,,,,410.7454528808594,421.8555179747642,409.8163186254232,419.45359039351575,19361900.0
2024-08-23,,,,,,MSFT,,,,,,411.9710998535156,414.412543023147,407.32542899154987,412.15890549462074,18493800.0
2024-08-26,,,,,,MSFT,,,,,,408.70928955078125,412.4554786638681,406.58415351672016,411.55599630876077,13152800.0
2024-08-27,,,,,,MSFT,,,,,,409.05523681640625,409.5692137906275,405.5067475085558,408.0865565785304,13492900.0
2024-08-28,,,,,,MSFT,,,,,,405.8526916503906,410.201813276276,402.60072184118246,410.0832055301203,14882700.0
2024-08-29,,,,,,MSFT,,,,,,408.3435363769531,417.17028122626607,405.85268326493673,410.142500929111,17045200.0
2024-08-30,,,,,,MSFT,,,,,,412.317138671875,412.66306792136305,407.36505347568107,410.79493534811195,24308300.0
2024-09-03,,,,,,MSFT,,,,,,404.70611572265625,415.02541234976394,402.32397617802485,413.0781880012741,20313600.0
2024-09-04,,,,,,MSFT,,,,,,404.17236328125,406.4853049884444,399.6947395600007,401.2169427939581,15135800.0
2024-09-05,,,,,,MSFT,,,,,,403.6682434082031,408.3237783354607,401.4343636867301,402.9071267784607,14195500.0
2024-09-06,,,,,,MSFT,,,,,,397.05560302734375,405.9021060614487,396.165984591682,404.33049307771034,19609500.0
2024-09-09,,,,,,MSFT,,,,,,401.02911376953125,403.9252302108811,397.5003824546475,402.5315288470681,15295100.0
2024-09-10,,,,,,MSFT,,,,,,409.41107177734375,411.51641958523567,402.9862241478787,403.48044319629906,19594300.0
2024-09-11,,,,,,MSFT,,,,,,418.14892578125,419.0879240200289,404.84452521588224,410.6960929291399,19266900.0
2024-09-12,,,,,,MSFT,,,,,,422.0630798339844,422.42879711427406,414.89690341994134,418.415740735589,17395700.0
2024-09-13,,,,,,MSFT,,,,,,425.6115417480469,426.8371952929349,420.54084966063596,420.9065669174341,15874600.0
2024-09-16,,,,,,MSFT,,,,,,426.3528747558594,428.51755654874484,423.26895279469,425.62144023461013,13834700.0
2024-09-17,,,,,,MSFT,,,,,,430.1188659667969,436.741413807479,427.2721591954558,435.1401487897844,18874200.0
2024-09-18,,,,,,MSFT,,,,,,425.82904052734375,430.9886889198146,425.43367129700556,429.9705988234429,18898000.0
2024-09-19,,,,,,MSFT,,,,,,433.617919921875,436.39542861722236,431.8486072464737,436.12856118496126,21706600.0
2024-09-20,,,,,,MSFT,,,,,,430.2374267578125,434.16152709216163,429.19957885288886,432.1648930552261,55167100.0
2024-09-23,,,,,,MSFT,,,,,,428.497802734375,431.41367697848,425.4138807437856,429.25888919848313,15128900.0
2024-09-24,,,,,,MSFT,,,,,,424.2080383300781,428.33970279345715,421.17352579677157,427.9937433882553,17015800.0
2024-09-25,,,,,,MSFT,,,,,,427.1139831542969,428.1123153119531,423.61493391499886,424.8603454388432,13396400.0
2024-09-26,,,,,,MSFT,,,,,,426.3232421875,430.2671006249204,424.1684543301705,430.0595370663028,14492000.0
2024-09-27,,,,,,MSFT,,,,,,423.0712890625,426.85702409572957,422.52766014209345,426.5308226116947,14896100.0
2024-09-30,,,,,,MSFT,,,,,,425.3249206542969,425.4435585697777,420.4519278512811,423.2590885562286,16807300.0
2024-10-01,,,,,,MSFT,,,,,,415.8260803222656,423.52602256028683,413.96781162828705,423.49637062005274,19092900.0
2024-10-02,,,,,,MSFT,,,,,,412.30718994140625,417.93140514988795,411.89203266645677,417.6941594936009,16582300.0
2024-10-03,,,,,,MSFT,,,,,,411.7240295410156,414.699207817815,409.50004373541833,412.80142348929195,13686400.0
2024-10-04,,,,,,MSFT,,,,,,411.24957275390625,414.8969119270876,410.172178794162,413.40436067339476,19169700.0
2024-10-07,,,,,,MSFT,,,,,,404.8049621582031,412.287415913181,404.2711971193028,411.190264062665,20919800.0
2024-10-08,,,,,,MSFT,,,,,,409.9151611328125,410.8541894054543,403.45079759655545,406.1492143378804,19229300.0
2024-10-09,,,,,,MSFT,,,,,,412.63336181640625,415.51961434814075,409.5098937927917,411.0518548194861,14974300.0
2024-10-10,,,,,,MSFT,,,,,,411.0321044921875,412.5246557071608,408.37320353432506,410.42917171763446,13848400.0
2024-10-11,,,,,,MSFT,,,,,,411.506591796875,412.30722431233596,408.4720793339732,411.32868016338136,14144900.0
2024-10-14,,,,,,MSFT,,,,,,414.2939453125,419.1372858012014,412.6926503077809,412.9397598241915,16653100.0
2024-10-15,,,,,,MSFT,,,,,,413.8985900878906,417.5953693595967,410.4588445581101,417.29881980944174,18900200.0
2024-10-16,,,,,,MSFT,,,,,,411.3088684082031,411.5460839058675,405.7340930599272,410.36987028679,15508900.0
2024-10-17,,,,,,MSFT,,,,,,411.9019470214844,417.61511832115826,410.78500708577025,417.4767225011017,14820000.0
2024-10-18,,,,,,MSFT,,,,,,413.3252868652344,414.79805000770625,411.447260474788,412.31709084461266,17145300.0
2024-10-21,,,,,,MSFT,,,,,,413.9381408691406,414.1160525024568,408.96629801765454,411.3088916838687,14206100.0
2024-10-22,,,,,,MSFT,,,,,,422.5671691894531,425.60165114081286,413.20665945484586,413.65143848774744,25482200.0
2024-10-23,,,,,,MSFT,,,,,,419.69085693359375,426.0959170295647,417.64478266305224,425.8784594235447,19654400.0
2024-10-24,,,,,,MSFT,,,,,,419.8193359375,421.0548835944768,417.5162582126422,420.4123746810587,13581600.0
2024-10-25,,,,,,MSFT,,,,,,423.1997985839844,427.51926858228103,421.638079540004,421.82588520642906,16899100.0
2024-10-28,,,,,,MSFT,,,,,,421.6578369140625,426.94598717649535,421.3711813975522,426.669225694439,14882400.0
2024-10-29,,,,,,MSFT,,,,,,426.9559020996094,428.1617979371543,420.8769829019358,423.0515590564399,17644100.0
2024-10-30,,,,,,MSFT,,,,,,427.5291442871094,433.43012114532394,427.10412312962825,432.38237913794643,29749100.0
2024-10-31,,,,,,MSFT,,,,,,401.65185546875,411.3484314804884,401.60241546152275,410.55766284750285,53971000.0
2024-11-01,,,,,,MSFT,,,,,,405.6253662109375,410.69605883957496,402.78855349489004,404.2811047814158,24230400.0
2024-11-04,,,,,,MSFT,,,,,,403.7374267578125,405.67478719502446,400.88085627166146,405.06193022116906,19672300.0
2024-11-05,,,,,,MSFT,,,,,,406.7027282714844,410.1029577159873,403.36180269923256,403.64845819160416,17626000.0
2024-11-06,,,,,,MSFT,,,,,,415.3219299316406,415.58882753455555,405.77361389082967,407.65167048638625,26681800.0
2024-11-07,,,,,,MSFT,,,,,,420.51123046875,421.91482589939426,415.0254108601489,416.40921822256973,19901800.0
2024-11-08,,,,,,MSFT,,,,,,417.6546630859375,421.568869701991,416.90344044148964,420.40251992805025,16891400.0
2024-11-11,,,,,,MSFT,,,,,,413.1770324707031,419.89839969038087,411.1902621762221,417.6348679260246,24503300.0
2024-11-12,,,,,,MSFT,,,,,,418.1389465332031,419.5326478016325,412.37636598179006,413.4142138670265,19401200.0
2024-11-13,,,,,,MSFT,,,,,,420.2839050292969,424.366129168666,413.3747019871383,416.7650676989441,21502200.0
2024-11-14,,,,,,MSFT,,,,,,421.9543762207031,423.21957584577814,415.14402288993426,420.086213638624,30246900.0
2024-11-15,,,,,,MSFT,,,,,,410.20184326171875,417.91164897279026,408.85758182070697,414.9661225121513,28247600.0
2024-11-18,,,,,,MSFT,,,,,,410.9530334472656,413.5624943414024,407.33534638732004,410.07330906060787,24727000.0
2024-11-19,,,,,,MSFT,,,,,,412.9595642089844,413.10782389174204,406.79168992363145,408.3336509537854,18133500.0
2024-11-20,,,,,,MSFT,,,,,,410.6861572265625,412.46536399512735,405.8329222910528,412.05020669970736,19191700.0
2024-11-21,,,,,,MSFT,,,,,,408.913330078125,415.7571129679985,406.35806834126146,415.4797975064388,20780200.0
2024-11-22,,,,,,MSFT,,,,,,413.00372314453125,413.39988374041405,407.1206461090675,407.4276728377604,24814600.0
2024-11-25,,,,,,MSFT,,,,,,414.7765808105469,417.0446130867062,410.8743369468268,414.3705063731925,27691100.0
2024-11-26,,,,,,MSFT,,,,,,423.8883972167969,424.92835279721186,414.8360050762814,415.56890369905886,23458900.0
2024-11-27,,,,,,MSFT,,,,,,418.9363708496094,423.1357584170694,417.9756653943907,421.03604952077916,18332400.0
2024-11-29,,,,,,MSFT,,,,,,419.4018249511719,420.808229889217,413.7960631011275,416.06412568619913,16271900.0
2024-12-02,,,,,,MSFT,,,,,,426.8498229980469,428.8504539576372,417.2724796995242,417.52999772728793,20207200.0
2024-12-03,,,,,,MSFT,,,,,,427.0676574707031,428.32547569363487,423.6407942127541,425.72067515411175,18302000.0
2024-12-04,,,,,,MSFT,,,,,,433.2280578613281,435.4564952904926,428.483953715763,428.8801143248133,26009400.0
2024-12-05,,,,,,MSFT,,,,,,438.37823486328125,440.39869339406243,431.99006528414975,433.72329450893346,21697800.0
2024-12-06,,,,,,MSFT,,,,,,439.3191223144531,441.82487523918803,437.5363542028089,438.0612738202398,18821000.0
2024-12-09,,,,,,MSFT,,,,,,441.74560546875,444.03346541962105,436.2785166631167,438.3583975889403,19144400.0
2024-12-10,,,,,,MSFT,,,,,,439.0813903808594,445.31111943385133,437.3679889585384,440.13125981361975,18469500.0
2024-12-11,,,,,,MSFT,,,,,,444.68719482421875,446.0341772846715,439.7945337941877,439.7945337941877,19200200.0
2024-12-12,,,,,,MSFT,,,,,,445.251708984375,451.7884649521135,444.8060093995974,444.8060093995974,20834800.0
2024-12-13,,,,,,MSFT,,,,,,442.983642578125,447.10377945438483,441.30983602760955,444.142443353527,20177800.0
2024-12-16,,,,,,MSFT,,,,,,447.2622375488281,447.8465797272876,441.01271109813007,442.9836304987913,23598800.0
2024-12-17,,,,,,MSFT,,,,,,450.1047058105469,450.9267684894764,445.26158450169066,446.6877867800923,22733500.0
2024-12-18,,,,,,MSFT,,,,,,433.1983642578125,448.31210217470453,432.83188469873346,446.994861295181,24444500.0
2024-12-19,,,,,,MSFT,,,,,,432.841796875,438.93285336164837,432.1386095010433,437.38780577162396,22963700.0
2024-12-20,,,,,,MSFT,,,,,,432.4159240722656,439.48748337745457,424.5223020050907,428.9593493416428,64263700.0
2024-12-23,,,,,,MSFT,,,,,,431.078857421875,433.4558513948008,428.6820357713906,432.5545685943141,19152500.0
2024-12-24,,,,,,MSFT,,,,,,435.1197204589844,435.3871522905164,430.02899474815183,430.484577930417,7164500.0
2024-12-26,,,,,,MSFT,,,,,,433.9114074707031,436.7143034093448,432.44561022869516,434.8721127935591,8194200.0
2024-12-27,,,,,,MSFT,,,,,,426.4040832519531,431.04913980352325,422.2641488688207,430.4350863105853,18117700.0
2024-12-30,,,,,,MSFT,,,,,,420.7586975097656,423.45263204127576,417.8567839421245,421.9769208859116,13158700.0
2024-12-31,,,,,,MSFT,,,,,,417.4606018066406,422.64049156656444,416.6286554798762,422.016524265212,13246500.0
